task_id	experiment	display_name	checkpoint_dir	checkpoint_subdir	naturalness_weight	foldability_weight	stability_weight	developability_weight	temperature	generation_rows_path	foldability_scores_path	developability_scores_path	diversity_scores_path
0	original	Original	/public/home/xinwuye/ai4s-tool-joint-train/runs/progen2_official/checkpoints/progen2-small		0.25	0.3	0.2	0.25	0.1	/public/home/xinwuye/ai4s-tool-joint-train/runs/progen2_sweep_20260430/generation/original/temperature_0.1/generated.rows.jsonl	/public/home/xinwuye/ai4s-tool-joint-train/runs/progen2_sweep_20260430/foldability/original/temperature_0.1/foldability.rows.jsonl	/public/home/xinwuye/ai4s-tool-joint-train/runs/progen2_sweep_20260430/developability/original/temperature_0.1/developability.rows.jsonl	/public/home/xinwuye/ai4s-tool-joint-train/runs/progen2_sweep_20260430/diversity/original/temperature_0.1/diversity.json
1	original	Original	/public/home/xinwuye/ai4s-tool-joint-train/runs/progen2_official/checkpoints/progen2-small		0.25	0.3	0.2	0.25	0.2	/public/home/xinwuye/ai4s-tool-joint-train/runs/progen2_sweep_20260430/generation/original/temperature_0.2/generated.rows.jsonl	/public/home/xinwuye/ai4s-tool-joint-train/runs/progen2_sweep_20260430/foldability/original/temperature_0.2/foldability.rows.jsonl	/public/home/xinwuye/ai4s-tool-joint-train/runs/progen2_sweep_20260430/developability/original/temperature_0.2/developability.rows.jsonl	/public/home/xinwuye/ai4s-tool-joint-train/runs/progen2_sweep_20260430/diversity/original/temperature_0.2/diversity.json
2	original	Original	/public/home/xinwuye/ai4s-tool-joint-train/runs/progen2_official/checkpoints/progen2-small		0.25	0.3	0.2	0.25	0.3	/public/home/xinwuye/ai4s-tool-joint-train/runs/progen2_sweep_20260430/generation/original/temperature_0.3/generated.rows.jsonl	/public/home/xinwuye/ai4s-tool-joint-train/runs/progen2_sweep_20260430/foldability/original/temperature_0.3/foldability.rows.jsonl	/public/home/xinwuye/ai4s-tool-joint-train/runs/progen2_sweep_20260430/developability/original/temperature_0.3/developability.rows.jsonl	/public/home/xinwuye/ai4s-tool-joint-train/runs/progen2_sweep_20260430/diversity/original/temperature_0.3/diversity.json
3	original	Original	/public/home/xinwuye/ai4s-tool-joint-train/runs/progen2_official/checkpoints/progen2-small		0.25	0.3	0.2	0.25	0.4	/public/home/xinwuye/ai4s-tool-joint-train/runs/progen2_sweep_20260430/generation/original/temperature_0.4/generated.rows.jsonl	/public/home/xinwuye/ai4s-tool-joint-train/runs/progen2_sweep_20260430/foldability/original/temperature_0.4/foldability.rows.jsonl	/public/home/xinwuye/ai4s-tool-joint-train/runs/progen2_sweep_20260430/developability/original/temperature_0.4/developability.rows.jsonl	/public/home/xinwuye/ai4s-tool-joint-train/runs/progen2_sweep_20260430/diversity/original/temperature_0.4/diversity.json
4	original	Original	/public/home/xinwuye/ai4s-tool-joint-train/runs/progen2_official/checkpoints/progen2-small		0.25	0.3	0.2	0.25	0.5	/public/home/xinwuye/ai4s-tool-joint-train/runs/progen2_sweep_20260430/generation/original/temperature_0.5/generated.rows.jsonl	/public/home/xinwuye/ai4s-tool-joint-train/runs/progen2_sweep_20260430/foldability/original/temperature_0.5/foldability.rows.jsonl	/public/home/xinwuye/ai4s-tool-joint-train/runs/progen2_sweep_20260430/developability/original/temperature_0.5/developability.rows.jsonl	/public/home/xinwuye/ai4s-tool-joint-train/runs/progen2_sweep_20260430/diversity/original/temperature_0.5/diversity.json
5	original	Original	/public/home/xinwuye/ai4s-tool-joint-train/runs/progen2_official/checkpoints/progen2-small		0.25	0.3	0.2	0.25	0.6	/public/home/xinwuye/ai4s-tool-joint-train/runs/progen2_sweep_20260430/generation/original/temperature_0.6/generated.rows.jsonl	/public/home/xinwuye/ai4s-tool-joint-train/runs/progen2_sweep_20260430/foldability/original/temperature_0.6/foldability.rows.jsonl	/public/home/xinwuye/ai4s-tool-joint-train/runs/progen2_sweep_20260430/developability/original/temperature_0.6/developability.rows.jsonl	/public/home/xinwuye/ai4s-tool-joint-train/runs/progen2_sweep_20260430/diversity/original/temperature_0.6/diversity.json
6	original	Original	/public/home/xinwuye/ai4s-tool-joint-train/runs/progen2_official/checkpoints/progen2-small		0.25	0.3	0.2	0.25	0.7	/public/home/xinwuye/ai4s-tool-joint-train/runs/progen2_sweep_20260430/generation/original/temperature_0.7/generated.rows.jsonl	/public/home/xinwuye/ai4s-tool-joint-train/runs/progen2_sweep_20260430/foldability/original/temperature_0.7/foldability.rows.jsonl	/public/home/xinwuye/ai4s-tool-joint-train/runs/progen2_sweep_20260430/developability/original/temperature_0.7/developability.rows.jsonl	/public/home/xinwuye/ai4s-tool-joint-train/runs/progen2_sweep_20260430/diversity/original/temperature_0.7/diversity.json
7	original	Original	/public/home/xinwuye/ai4s-tool-joint-train/runs/progen2_official/checkpoints/progen2-small		0.25	0.3	0.2	0.25	0.8	/public/home/xinwuye/ai4s-tool-joint-train/runs/progen2_sweep_20260430/generation/original/temperature_0.8/generated.rows.jsonl	/public/home/xinwuye/ai4s-tool-joint-train/runs/progen2_sweep_20260430/foldability/original/temperature_0.8/foldability.rows.jsonl	/public/home/xinwuye/ai4s-tool-joint-train/runs/progen2_sweep_20260430/developability/original/temperature_0.8/developability.rows.jsonl	/public/home/xinwuye/ai4s-tool-joint-train/runs/progen2_sweep_20260430/diversity/original/temperature_0.8/diversity.json
8	original	Original	/public/home/xinwuye/ai4s-tool-joint-train/runs/progen2_official/checkpoints/progen2-small		0.25	0.3	0.2	0.25	0.9	/public/home/xinwuye/ai4s-tool-joint-train/runs/progen2_sweep_20260430/generation/original/temperature_0.9/generated.rows.jsonl	/public/home/xinwuye/ai4s-tool-joint-train/runs/progen2_sweep_20260430/foldability/original/temperature_0.9/foldability.rows.jsonl	/public/home/xinwuye/ai4s-tool-joint-train/runs/progen2_sweep_20260430/developability/original/temperature_0.9/developability.rows.jsonl	/public/home/xinwuye/ai4s-tool-joint-train/runs/progen2_sweep_20260430/diversity/original/temperature_0.9/diversity.json
9	original	Original	/public/home/xinwuye/ai4s-tool-joint-train/runs/progen2_official/checkpoints/progen2-small		0.25	0.3	0.2	0.25	1.0	/public/home/xinwuye/ai4s-tool-joint-train/runs/progen2_sweep_20260430/generation/original/temperature_1.0/generated.rows.jsonl	/public/home/xinwuye/ai4s-tool-joint-train/runs/progen2_sweep_20260430/foldability/original/temperature_1.0/foldability.rows.jsonl	/public/home/xinwuye/ai4s-tool-joint-train/runs/progen2_sweep_20260430/developability/original/temperature_1.0/developability.rows.jsonl	/public/home/xinwuye/ai4s-tool-joint-train/runs/progen2_sweep_20260430/diversity/original/temperature_1.0/diversity.json
10	original	Original	/public/home/xinwuye/ai4s-tool-joint-train/runs/progen2_official/checkpoints/progen2-small		0.25	0.3	0.2	0.25	1.1	/public/home/xinwuye/ai4s-tool-joint-train/runs/progen2_sweep_20260430/generation/original/temperature_1.1/generated.rows.jsonl	/public/home/xinwuye/ai4s-tool-joint-train/runs/progen2_sweep_20260430/foldability/original/temperature_1.1/foldability.rows.jsonl	/public/home/xinwuye/ai4s-tool-joint-train/runs/progen2_sweep_20260430/developability/original/temperature_1.1/developability.rows.jsonl	/public/home/xinwuye/ai4s-tool-joint-train/runs/progen2_sweep_20260430/diversity/original/temperature_1.1/diversity.json
11	original	Original	/public/home/xinwuye/ai4s-tool-joint-train/runs/progen2_official/checkpoints/progen2-small		0.25	0.3	0.2	0.25	1.2	/public/home/xinwuye/ai4s-tool-joint-train/runs/progen2_sweep_20260430/generation/original/temperature_1.2/generated.rows.jsonl	/public/home/xinwuye/ai4s-tool-joint-train/runs/progen2_sweep_20260430/foldability/original/temperature_1.2/foldability.rows.jsonl	/public/home/xinwuye/ai4s-tool-joint-train/runs/progen2_sweep_20260430/developability/original/temperature_1.2/developability.rows.jsonl	/public/home/xinwuye/ai4s-tool-joint-train/runs/progen2_sweep_20260430/diversity/original/temperature_1.2/diversity.json
12	grpo_step100	GRPO 100	/public/home/xinwuye/ai4s-tool-joint-train/runs/progen2_sgrpo/progen2_grpo_ng96_bs2_len256_rbs16_slurm52245/checkpoint-000100		0.25	0.3	0.2	0.25	0.1	/public/home/xinwuye/ai4s-tool-joint-train/runs/progen2_sweep_20260430/generation/grpo_step100/temperature_0.1/generated.rows.jsonl	/public/home/xinwuye/ai4s-tool-joint-train/runs/progen2_sweep_20260430/foldability/grpo_step100/temperature_0.1/foldability.rows.jsonl	/public/home/xinwuye/ai4s-tool-joint-train/runs/progen2_sweep_20260430/developability/grpo_step100/temperature_0.1/developability.rows.jsonl	/public/home/xinwuye/ai4s-tool-joint-train/runs/progen2_sweep_20260430/diversity/grpo_step100/temperature_0.1/diversity.json
13	grpo_step100	GRPO 100	/public/home/xinwuye/ai4s-tool-joint-train/runs/progen2_sgrpo/progen2_grpo_ng96_bs2_len256_rbs16_slurm52245/checkpoint-000100		0.25	0.3	0.2	0.25	0.2	/public/home/xinwuye/ai4s-tool-joint-train/runs/progen2_sweep_20260430/generation/grpo_step100/temperature_0.2/generated.rows.jsonl	/public/home/xinwuye/ai4s-tool-joint-train/runs/progen2_sweep_20260430/foldability/grpo_step100/temperature_0.2/foldability.rows.jsonl	/public/home/xinwuye/ai4s-tool-joint-train/runs/progen2_sweep_20260430/developability/grpo_step100/temperature_0.2/developability.rows.jsonl	/public/home/xinwuye/ai4s-tool-joint-train/runs/progen2_sweep_20260430/diversity/grpo_step100/temperature_0.2/diversity.json
14	grpo_step100	GRPO 100	/public/home/xinwuye/ai4s-tool-joint-train/runs/progen2_sgrpo/progen2_grpo_ng96_bs2_len256_rbs16_slurm52245/checkpoint-000100		0.25	0.3	0.2	0.25	0.3	/public/home/xinwuye/ai4s-tool-joint-train/runs/progen2_sweep_20260430/generation/grpo_step100/temperature_0.3/generated.rows.jsonl	/public/home/xinwuye/ai4s-tool-joint-train/runs/progen2_sweep_20260430/foldability/grpo_step100/temperature_0.3/foldability.rows.jsonl	/public/home/xinwuye/ai4s-tool-joint-train/runs/progen2_sweep_20260430/developability/grpo_step100/temperature_0.3/developability.rows.jsonl	/public/home/xinwuye/ai4s-tool-joint-train/runs/progen2_sweep_20260430/diversity/grpo_step100/temperature_0.3/diversity.json
15	grpo_step100	GRPO 100	/public/home/xinwuye/ai4s-tool-joint-train/runs/progen2_sgrpo/progen2_grpo_ng96_bs2_len256_rbs16_slurm52245/checkpoint-000100		0.25	0.3	0.2	0.25	0.4	/public/home/xinwuye/ai4s-tool-joint-train/runs/progen2_sweep_20260430/generation/grpo_step100/temperature_0.4/generated.rows.jsonl	/public/home/xinwuye/ai4s-tool-joint-train/runs/progen2_sweep_20260430/foldability/grpo_step100/temperature_0.4/foldability.rows.jsonl	/public/home/xinwuye/ai4s-tool-joint-train/runs/progen2_sweep_20260430/developability/grpo_step100/temperature_0.4/developability.rows.jsonl	/public/home/xinwuye/ai4s-tool-joint-train/runs/progen2_sweep_20260430/diversity/grpo_step100/temperature_0.4/diversity.json
16	grpo_step100	GRPO 100	/public/home/xinwuye/ai4s-tool-joint-train/runs/progen2_sgrpo/progen2_grpo_ng96_bs2_len256_rbs16_slurm52245/checkpoint-000100		0.25	0.3	0.2	0.25	0.5	/public/home/xinwuye/ai4s-tool-joint-train/runs/progen2_sweep_20260430/generation/grpo_step100/temperature_0.5/generated.rows.jsonl	/public/home/xinwuye/ai4s-tool-joint-train/runs/progen2_sweep_20260430/foldability/grpo_step100/temperature_0.5/foldability.rows.jsonl	/public/home/xinwuye/ai4s-tool-joint-train/runs/progen2_sweep_20260430/developability/grpo_step100/temperature_0.5/developability.rows.jsonl	/public/home/xinwuye/ai4s-tool-joint-train/runs/progen2_sweep_20260430/diversity/grpo_step100/temperature_0.5/diversity.json
17	grpo_step100	GRPO 100	/public/home/xinwuye/ai4s-tool-joint-train/runs/progen2_sgrpo/progen2_grpo_ng96_bs2_len256_rbs16_slurm52245/checkpoint-000100		0.25	0.3	0.2	0.25	0.6	/public/home/xinwuye/ai4s-tool-joint-train/runs/progen2_sweep_20260430/generation/grpo_step100/temperature_0.6/generated.rows.jsonl	/public/home/xinwuye/ai4s-tool-joint-train/runs/progen2_sweep_20260430/foldability/grpo_step100/temperature_0.6/foldability.rows.jsonl	/public/home/xinwuye/ai4s-tool-joint-train/runs/progen2_sweep_20260430/developability/grpo_step100/temperature_0.6/developability.rows.jsonl	/public/home/xinwuye/ai4s-tool-joint-train/runs/progen2_sweep_20260430/diversity/grpo_step100/temperature_0.6/diversity.json
18	grpo_step100	GRPO 100	/public/home/xinwuye/ai4s-tool-joint-train/runs/progen2_sgrpo/progen2_grpo_ng96_bs2_len256_rbs16_slurm52245/checkpoint-000100		0.25	0.3	0.2	0.25	0.7	/public/home/xinwuye/ai4s-tool-joint-train/runs/progen2_sweep_20260430/generation/grpo_step100/temperature_0.7/generated.rows.jsonl	/public/home/xinwuye/ai4s-tool-joint-train/runs/progen2_sweep_20260430/foldability/grpo_step100/temperature_0.7/foldability.rows.jsonl	/public/home/xinwuye/ai4s-tool-joint-train/runs/progen2_sweep_20260430/developability/grpo_step100/temperature_0.7/developability.rows.jsonl	/public/home/xinwuye/ai4s-tool-joint-train/runs/progen2_sweep_20260430/diversity/grpo_step100/temperature_0.7/diversity.json
19	grpo_step100	GRPO 100	/public/home/xinwuye/ai4s-tool-joint-train/runs/progen2_sgrpo/progen2_grpo_ng96_bs2_len256_rbs16_slurm52245/checkpoint-000100		0.25	0.3	0.2	0.25	0.8	/public/home/xinwuye/ai4s-tool-joint-train/runs/progen2_sweep_20260430/generation/grpo_step100/temperature_0.8/generated.rows.jsonl	/public/home/xinwuye/ai4s-tool-joint-train/runs/progen2_sweep_20260430/foldability/grpo_step100/temperature_0.8/foldability.rows.jsonl	/public/home/xinwuye/ai4s-tool-joint-train/runs/progen2_sweep_20260430/developability/grpo_step100/temperature_0.8/developability.rows.jsonl	/public/home/xinwuye/ai4s-tool-joint-train/runs/progen2_sweep_20260430/diversity/grpo_step100/temperature_0.8/diversity.json
20	grpo_step100	GRPO 100	/public/home/xinwuye/ai4s-tool-joint-train/runs/progen2_sgrpo/progen2_grpo_ng96_bs2_len256_rbs16_slurm52245/checkpoint-000100		0.25	0.3	0.2	0.25	0.9	/public/home/xinwuye/ai4s-tool-joint-train/runs/progen2_sweep_20260430/generation/grpo_step100/temperature_0.9/generated.rows.jsonl	/public/home/xinwuye/ai4s-tool-joint-train/runs/progen2_sweep_20260430/foldability/grpo_step100/temperature_0.9/foldability.rows.jsonl	/public/home/xinwuye/ai4s-tool-joint-train/runs/progen2_sweep_20260430/developability/grpo_step100/temperature_0.9/developability.rows.jsonl	/public/home/xinwuye/ai4s-tool-joint-train/runs/progen2_sweep_20260430/diversity/grpo_step100/temperature_0.9/diversity.json
21	grpo_step100	GRPO 100	/public/home/xinwuye/ai4s-tool-joint-train/runs/progen2_sgrpo/progen2_grpo_ng96_bs2_len256_rbs16_slurm52245/checkpoint-000100		0.25	0.3	0.2	0.25	1.0	/public/home/xinwuye/ai4s-tool-joint-train/runs/progen2_sweep_20260430/generation/grpo_step100/temperature_1.0/generated.rows.jsonl	/public/home/xinwuye/ai4s-tool-joint-train/runs/progen2_sweep_20260430/foldability/grpo_step100/temperature_1.0/foldability.rows.jsonl	/public/home/xinwuye/ai4s-tool-joint-train/runs/progen2_sweep_20260430/developability/grpo_step100/temperature_1.0/developability.rows.jsonl	/public/home/xinwuye/ai4s-tool-joint-train/runs/progen2_sweep_20260430/diversity/grpo_step100/temperature_1.0/diversity.json
22	grpo_step100	GRPO 100	/public/home/xinwuye/ai4s-tool-joint-train/runs/progen2_sgrpo/progen2_grpo_ng96_bs2_len256_rbs16_slurm52245/checkpoint-000100		0.25	0.3	0.2	0.25	1.1	/public/home/xinwuye/ai4s-tool-joint-train/runs/progen2_sweep_20260430/generation/grpo_step100/temperature_1.1/generated.rows.jsonl	/public/home/xinwuye/ai4s-tool-joint-train/runs/progen2_sweep_20260430/foldability/grpo_step100/temperature_1.1/foldability.rows.jsonl	/public/home/xinwuye/ai4s-tool-joint-train/runs/progen2_sweep_20260430/developability/grpo_step100/temperature_1.1/developability.rows.jsonl	/public/home/xinwuye/ai4s-tool-joint-train/runs/progen2_sweep_20260430/diversity/grpo_step100/temperature_1.1/diversity.json
23	grpo_step100	GRPO 100	/public/home/xinwuye/ai4s-tool-joint-train/runs/progen2_sgrpo/progen2_grpo_ng96_bs2_len256_rbs16_slurm52245/checkpoint-000100		0.25	0.3	0.2	0.25	1.2	/public/home/xinwuye/ai4s-tool-joint-train/runs/progen2_sweep_20260430/generation/grpo_step100/temperature_1.2/generated.rows.jsonl	/public/home/xinwuye/ai4s-tool-joint-train/runs/progen2_sweep_20260430/foldability/grpo_step100/temperature_1.2/foldability.rows.jsonl	/public/home/xinwuye/ai4s-tool-joint-train/runs/progen2_sweep_20260430/developability/grpo_step100/temperature_1.2/developability.rows.jsonl	/public/home/xinwuye/ai4s-tool-joint-train/runs/progen2_sweep_20260430/diversity/grpo_step100/temperature_1.2/diversity.json
24	sgrpo_step100	SGRPO 100	/public/home/xinwuye/ai4s-tool-joint-train/runs/progen2_sgrpo/progen2_sgrpo_ng12_sg8_bs2_len256_rbs16_slurm52246/checkpoint-000100		0.25	0.3	0.2	0.25	0.1	/public/home/xinwuye/ai4s-tool-joint-train/runs/progen2_sweep_20260430/generation/sgrpo_step100/temperature_0.1/generated.rows.jsonl	/public/home/xinwuye/ai4s-tool-joint-train/runs/progen2_sweep_20260430/foldability/sgrpo_step100/temperature_0.1/foldability.rows.jsonl	/public/home/xinwuye/ai4s-tool-joint-train/runs/progen2_sweep_20260430/developability/sgrpo_step100/temperature_0.1/developability.rows.jsonl	/public/home/xinwuye/ai4s-tool-joint-train/runs/progen2_sweep_20260430/diversity/sgrpo_step100/temperature_0.1/diversity.json
25	sgrpo_step100	SGRPO 100	/public/home/xinwuye/ai4s-tool-joint-train/runs/progen2_sgrpo/progen2_sgrpo_ng12_sg8_bs2_len256_rbs16_slurm52246/checkpoint-000100		0.25	0.3	0.2	0.25	0.2	/public/home/xinwuye/ai4s-tool-joint-train/runs/progen2_sweep_20260430/generation/sgrpo_step100/temperature_0.2/generated.rows.jsonl	/public/home/xinwuye/ai4s-tool-joint-train/runs/progen2_sweep_20260430/foldability/sgrpo_step100/temperature_0.2/foldability.rows.jsonl	/public/home/xinwuye/ai4s-tool-joint-train/runs/progen2_sweep_20260430/developability/sgrpo_step100/temperature_0.2/developability.rows.jsonl	/public/home/xinwuye/ai4s-tool-joint-train/runs/progen2_sweep_20260430/diversity/sgrpo_step100/temperature_0.2/diversity.json
26	sgrpo_step100	SGRPO 100	/public/home/xinwuye/ai4s-tool-joint-train/runs/progen2_sgrpo/progen2_sgrpo_ng12_sg8_bs2_len256_rbs16_slurm52246/checkpoint-000100		0.25	0.3	0.2	0.25	0.3	/public/home/xinwuye/ai4s-tool-joint-train/runs/progen2_sweep_20260430/generation/sgrpo_step100/temperature_0.3/generated.rows.jsonl	/public/home/xinwuye/ai4s-tool-joint-train/runs/progen2_sweep_20260430/foldability/sgrpo_step100/temperature_0.3/foldability.rows.jsonl	/public/home/xinwuye/ai4s-tool-joint-train/runs/progen2_sweep_20260430/developability/sgrpo_step100/temperature_0.3/developability.rows.jsonl	/public/home/xinwuye/ai4s-tool-joint-train/runs/progen2_sweep_20260430/diversity/sgrpo_step100/temperature_0.3/diversity.json
27	sgrpo_step100	SGRPO 100	/public/home/xinwuye/ai4s-tool-joint-train/runs/progen2_sgrpo/progen2_sgrpo_ng12_sg8_bs2_len256_rbs16_slurm52246/checkpoint-000100		0.25	0.3	0.2	0.25	0.4	/public/home/xinwuye/ai4s-tool-joint-train/runs/progen2_sweep_20260430/generation/sgrpo_step100/temperature_0.4/generated.rows.jsonl	/public/home/xinwuye/ai4s-tool-joint-train/runs/progen2_sweep_20260430/foldability/sgrpo_step100/temperature_0.4/foldability.rows.jsonl	/public/home/xinwuye/ai4s-tool-joint-train/runs/progen2_sweep_20260430/developability/sgrpo_step100/temperature_0.4/developability.rows.jsonl	/public/home/xinwuye/ai4s-tool-joint-train/runs/progen2_sweep_20260430/diversity/sgrpo_step100/temperature_0.4/diversity.json
28	sgrpo_step100	SGRPO 100	/public/home/xinwuye/ai4s-tool-joint-train/runs/progen2_sgrpo/progen2_sgrpo_ng12_sg8_bs2_len256_rbs16_slurm52246/checkpoint-000100		0.25	0.3	0.2	0.25	0.5	/public/home/xinwuye/ai4s-tool-joint-train/runs/progen2_sweep_20260430/generation/sgrpo_step100/temperature_0.5/generated.rows.jsonl	/public/home/xinwuye/ai4s-tool-joint-train/runs/progen2_sweep_20260430/foldability/sgrpo_step100/temperature_0.5/foldability.rows.jsonl	/public/home/xinwuye/ai4s-tool-joint-train/runs/progen2_sweep_20260430/developability/sgrpo_step100/temperature_0.5/developability.rows.jsonl	/public/home/xinwuye/ai4s-tool-joint-train/runs/progen2_sweep_20260430/diversity/sgrpo_step100/temperature_0.5/diversity.json
29	sgrpo_step100	SGRPO 100	/public/home/xinwuye/ai4s-tool-joint-train/runs/progen2_sgrpo/progen2_sgrpo_ng12_sg8_bs2_len256_rbs16_slurm52246/checkpoint-000100		0.25	0.3	0.2	0.25	0.6	/public/home/xinwuye/ai4s-tool-joint-train/runs/progen2_sweep_20260430/generation/sgrpo_step100/temperature_0.6/generated.rows.jsonl	/public/home/xinwuye/ai4s-tool-joint-train/runs/progen2_sweep_20260430/foldability/sgrpo_step100/temperature_0.6/foldability.rows.jsonl	/public/home/xinwuye/ai4s-tool-joint-train/runs/progen2_sweep_20260430/developability/sgrpo_step100/temperature_0.6/developability.rows.jsonl	/public/home/xinwuye/ai4s-tool-joint-train/runs/progen2_sweep_20260430/diversity/sgrpo_step100/temperature_0.6/diversity.json
30	sgrpo_step100	SGRPO 100	/public/home/xinwuye/ai4s-tool-joint-train/runs/progen2_sgrpo/progen2_sgrpo_ng12_sg8_bs2_len256_rbs16_slurm52246/checkpoint-000100		0.25	0.3	0.2	0.25	0.7	/public/home/xinwuye/ai4s-tool-joint-train/runs/progen2_sweep_20260430/generation/sgrpo_step100/temperature_0.7/generated.rows.jsonl	/public/home/xinwuye/ai4s-tool-joint-train/runs/progen2_sweep_20260430/foldability/sgrpo_step100/temperature_0.7/foldability.rows.jsonl	/public/home/xinwuye/ai4s-tool-joint-train/runs/progen2_sweep_20260430/developability/sgrpo_step100/temperature_0.7/developability.rows.jsonl	/public/home/xinwuye/ai4s-tool-joint-train/runs/progen2_sweep_20260430/diversity/sgrpo_step100/temperature_0.7/diversity.json
31	sgrpo_step100	SGRPO 100	/public/home/xinwuye/ai4s-tool-joint-train/runs/progen2_sgrpo/progen2_sgrpo_ng12_sg8_bs2_len256_rbs16_slurm52246/checkpoint-000100		0.25	0.3	0.2	0.25	0.8	/public/home/xinwuye/ai4s-tool-joint-train/runs/progen2_sweep_20260430/generation/sgrpo_step100/temperature_0.8/generated.rows.jsonl	/public/home/xinwuye/ai4s-tool-joint-train/runs/progen2_sweep_20260430/foldability/sgrpo_step100/temperature_0.8/foldability.rows.jsonl	/public/home/xinwuye/ai4s-tool-joint-train/runs/progen2_sweep_20260430/developability/sgrpo_step100/temperature_0.8/developability.rows.jsonl	/public/home/xinwuye/ai4s-tool-joint-train/runs/progen2_sweep_20260430/diversity/sgrpo_step100/temperature_0.8/diversity.json
32	sgrpo_step100	SGRPO 100	/public/home/xinwuye/ai4s-tool-joint-train/runs/progen2_sgrpo/progen2_sgrpo_ng12_sg8_bs2_len256_rbs16_slurm52246/checkpoint-000100		0.25	0.3	0.2	0.25	0.9	/public/home/xinwuye/ai4s-tool-joint-train/runs/progen2_sweep_20260430/generation/sgrpo_step100/temperature_0.9/generated.rows.jsonl	/public/home/xinwuye/ai4s-tool-joint-train/runs/progen2_sweep_20260430/foldability/sgrpo_step100/temperature_0.9/foldability.rows.jsonl	/public/home/xinwuye/ai4s-tool-joint-train/runs/progen2_sweep_20260430/developability/sgrpo_step100/temperature_0.9/developability.rows.jsonl	/public/home/xinwuye/ai4s-tool-joint-train/runs/progen2_sweep_20260430/diversity/sgrpo_step100/temperature_0.9/diversity.json
33	sgrpo_step100	SGRPO 100	/public/home/xinwuye/ai4s-tool-joint-train/runs/progen2_sgrpo/progen2_sgrpo_ng12_sg8_bs2_len256_rbs16_slurm52246/checkpoint-000100		0.25	0.3	0.2	0.25	1.0	/public/home/xinwuye/ai4s-tool-joint-train/runs/progen2_sweep_20260430/generation/sgrpo_step100/temperature_1.0/generated.rows.jsonl	/public/home/xinwuye/ai4s-tool-joint-train/runs/progen2_sweep_20260430/foldability/sgrpo_step100/temperature_1.0/foldability.rows.jsonl	/public/home/xinwuye/ai4s-tool-joint-train/runs/progen2_sweep_20260430/developability/sgrpo_step100/temperature_1.0/developability.rows.jsonl	/public/home/xinwuye/ai4s-tool-joint-train/runs/progen2_sweep_20260430/diversity/sgrpo_step100/temperature_1.0/diversity.json
34	sgrpo_step100	SGRPO 100	/public/home/xinwuye/ai4s-tool-joint-train/runs/progen2_sgrpo/progen2_sgrpo_ng12_sg8_bs2_len256_rbs16_slurm52246/checkpoint-000100		0.25	0.3	0.2	0.25	1.1	/public/home/xinwuye/ai4s-tool-joint-train/runs/progen2_sweep_20260430/generation/sgrpo_step100/temperature_1.1/generated.rows.jsonl	/public/home/xinwuye/ai4s-tool-joint-train/runs/progen2_sweep_20260430/foldability/sgrpo_step100/temperature_1.1/foldability.rows.jsonl	/public/home/xinwuye/ai4s-tool-joint-train/runs/progen2_sweep_20260430/developability/sgrpo_step100/temperature_1.1/developability.rows.jsonl	/public/home/xinwuye/ai4s-tool-joint-train/runs/progen2_sweep_20260430/diversity/sgrpo_step100/temperature_1.1/diversity.json
35	sgrpo_step100	SGRPO 100	/public/home/xinwuye/ai4s-tool-joint-train/runs/progen2_sgrpo/progen2_sgrpo_ng12_sg8_bs2_len256_rbs16_slurm52246/checkpoint-000100		0.25	0.3	0.2	0.25	1.2	/public/home/xinwuye/ai4s-tool-joint-train/runs/progen2_sweep_20260430/generation/sgrpo_step100/temperature_1.2/generated.rows.jsonl	/public/home/xinwuye/ai4s-tool-joint-train/runs/progen2_sweep_20260430/foldability/sgrpo_step100/temperature_1.2/foldability.rows.jsonl	/public/home/xinwuye/ai4s-tool-joint-train/runs/progen2_sweep_20260430/developability/sgrpo_step100/temperature_1.2/developability.rows.jsonl	/public/home/xinwuye/ai4s-tool-joint-train/runs/progen2_sweep_20260430/diversity/sgrpo_step100/temperature_1.2/diversity.json
36	sgrpo_gw08_step100	SGRPO gw0.8 100	/public/home/xinwuye/ai4s-tool-joint-train/runs/progen2_sgrpo/progen2_sgrpo_ng12_sg8_bs2_len256_rbs16_gw08_slurm52572/checkpoint-000100		0.25	0.3	0.2	0.25	0.1	/public/home/xinwuye/ai4s-tool-joint-train/runs/progen2_sweep_20260430/generation/sgrpo_gw08_step100/temperature_0.1/generated.rows.jsonl	/public/home/xinwuye/ai4s-tool-joint-train/runs/progen2_sweep_20260430/foldability/sgrpo_gw08_step100/temperature_0.1/foldability.rows.jsonl	/public/home/xinwuye/ai4s-tool-joint-train/runs/progen2_sweep_20260430/developability/sgrpo_gw08_step100/temperature_0.1/developability.rows.jsonl	/public/home/xinwuye/ai4s-tool-joint-train/runs/progen2_sweep_20260430/diversity/sgrpo_gw08_step100/temperature_0.1/diversity.json
37	sgrpo_gw08_step100	SGRPO gw0.8 100	/public/home/xinwuye/ai4s-tool-joint-train/runs/progen2_sgrpo/progen2_sgrpo_ng12_sg8_bs2_len256_rbs16_gw08_slurm52572/checkpoint-000100		0.25	0.3	0.2	0.25	0.2	/public/home/xinwuye/ai4s-tool-joint-train/runs/progen2_sweep_20260430/generation/sgrpo_gw08_step100/temperature_0.2/generated.rows.jsonl	/public/home/xinwuye/ai4s-tool-joint-train/runs/progen2_sweep_20260430/foldability/sgrpo_gw08_step100/temperature_0.2/foldability.rows.jsonl	/public/home/xinwuye/ai4s-tool-joint-train/runs/progen2_sweep_20260430/developability/sgrpo_gw08_step100/temperature_0.2/developability.rows.jsonl	/public/home/xinwuye/ai4s-tool-joint-train/runs/progen2_sweep_20260430/diversity/sgrpo_gw08_step100/temperature_0.2/diversity.json
38	sgrpo_gw08_step100	SGRPO gw0.8 100	/public/home/xinwuye/ai4s-tool-joint-train/runs/progen2_sgrpo/progen2_sgrpo_ng12_sg8_bs2_len256_rbs16_gw08_slurm52572/checkpoint-000100		0.25	0.3	0.2	0.25	0.3	/public/home/xinwuye/ai4s-tool-joint-train/runs/progen2_sweep_20260430/generation/sgrpo_gw08_step100/temperature_0.3/generated.rows.jsonl	/public/home/xinwuye/ai4s-tool-joint-train/runs/progen2_sweep_20260430/foldability/sgrpo_gw08_step100/temperature_0.3/foldability.rows.jsonl	/public/home/xinwuye/ai4s-tool-joint-train/runs/progen2_sweep_20260430/developability/sgrpo_gw08_step100/temperature_0.3/developability.rows.jsonl	/public/home/xinwuye/ai4s-tool-joint-train/runs/progen2_sweep_20260430/diversity/sgrpo_gw08_step100/temperature_0.3/diversity.json
39	sgrpo_gw08_step100	SGRPO gw0.8 100	/public/home/xinwuye/ai4s-tool-joint-train/runs/progen2_sgrpo/progen2_sgrpo_ng12_sg8_bs2_len256_rbs16_gw08_slurm52572/checkpoint-000100		0.25	0.3	0.2	0.25	0.4	/public/home/xinwuye/ai4s-tool-joint-train/runs/progen2_sweep_20260430/generation/sgrpo_gw08_step100/temperature_0.4/generated.rows.jsonl	/public/home/xinwuye/ai4s-tool-joint-train/runs/progen2_sweep_20260430/foldability/sgrpo_gw08_step100/temperature_0.4/foldability.rows.jsonl	/public/home/xinwuye/ai4s-tool-joint-train/runs/progen2_sweep_20260430/developability/sgrpo_gw08_step100/temperature_0.4/developability.rows.jsonl	/public/home/xinwuye/ai4s-tool-joint-train/runs/progen2_sweep_20260430/diversity/sgrpo_gw08_step100/temperature_0.4/diversity.json
40	sgrpo_gw08_step100	SGRPO gw0.8 100	/public/home/xinwuye/ai4s-tool-joint-train/runs/progen2_sgrpo/progen2_sgrpo_ng12_sg8_bs2_len256_rbs16_gw08_slurm52572/checkpoint-000100		0.25	0.3	0.2	0.25	0.5	/public/home/xinwuye/ai4s-tool-joint-train/runs/progen2_sweep_20260430/generation/sgrpo_gw08_step100/temperature_0.5/generated.rows.jsonl	/public/home/xinwuye/ai4s-tool-joint-train/runs/progen2_sweep_20260430/foldability/sgrpo_gw08_step100/temperature_0.5/foldability.rows.jsonl	/public/home/xinwuye/ai4s-tool-joint-train/runs/progen2_sweep_20260430/developability/sgrpo_gw08_step100/temperature_0.5/developability.rows.jsonl	/public/home/xinwuye/ai4s-tool-joint-train/runs/progen2_sweep_20260430/diversity/sgrpo_gw08_step100/temperature_0.5/diversity.json
41	sgrpo_gw08_step100	SGRPO gw0.8 100	/public/home/xinwuye/ai4s-tool-joint-train/runs/progen2_sgrpo/progen2_sgrpo_ng12_sg8_bs2_len256_rbs16_gw08_slurm52572/checkpoint-000100		0.25	0.3	0.2	0.25	0.6	/public/home/xinwuye/ai4s-tool-joint-train/runs/progen2_sweep_20260430/generation/sgrpo_gw08_step100/temperature_0.6/generated.rows.jsonl	/public/home/xinwuye/ai4s-tool-joint-train/runs/progen2_sweep_20260430/foldability/sgrpo_gw08_step100/temperature_0.6/foldability.rows.jsonl	/public/home/xinwuye/ai4s-tool-joint-train/runs/progen2_sweep_20260430/developability/sgrpo_gw08_step100/temperature_0.6/developability.rows.jsonl	/public/home/xinwuye/ai4s-tool-joint-train/runs/progen2_sweep_20260430/diversity/sgrpo_gw08_step100/temperature_0.6/diversity.json
42	sgrpo_gw08_step100	SGRPO gw0.8 100	/public/home/xinwuye/ai4s-tool-joint-train/runs/progen2_sgrpo/progen2_sgrpo_ng12_sg8_bs2_len256_rbs16_gw08_slurm52572/checkpoint-000100		0.25	0.3	0.2	0.25	0.7	/public/home/xinwuye/ai4s-tool-joint-train/runs/progen2_sweep_20260430/generation/sgrpo_gw08_step100/temperature_0.7/generated.rows.jsonl	/public/home/xinwuye/ai4s-tool-joint-train/runs/progen2_sweep_20260430/foldability/sgrpo_gw08_step100/temperature_0.7/foldability.rows.jsonl	/public/home/xinwuye/ai4s-tool-joint-train/runs/progen2_sweep_20260430/developability/sgrpo_gw08_step100/temperature_0.7/developability.rows.jsonl	/public/home/xinwuye/ai4s-tool-joint-train/runs/progen2_sweep_20260430/diversity/sgrpo_gw08_step100/temperature_0.7/diversity.json
43	sgrpo_gw08_step100	SGRPO gw0.8 100	/public/home/xinwuye/ai4s-tool-joint-train/runs/progen2_sgrpo/progen2_sgrpo_ng12_sg8_bs2_len256_rbs16_gw08_slurm52572/checkpoint-000100		0.25	0.3	0.2	0.25	0.8	/public/home/xinwuye/ai4s-tool-joint-train/runs/progen2_sweep_20260430/generation/sgrpo_gw08_step100/temperature_0.8/generated.rows.jsonl	/public/home/xinwuye/ai4s-tool-joint-train/runs/progen2_sweep_20260430/foldability/sgrpo_gw08_step100/temperature_0.8/foldability.rows.jsonl	/public/home/xinwuye/ai4s-tool-joint-train/runs/progen2_sweep_20260430/developability/sgrpo_gw08_step100/temperature_0.8/developability.rows.jsonl	/public/home/xinwuye/ai4s-tool-joint-train/runs/progen2_sweep_20260430/diversity/sgrpo_gw08_step100/temperature_0.8/diversity.json
44	sgrpo_gw08_step100	SGRPO gw0.8 100	/public/home/xinwuye/ai4s-tool-joint-train/runs/progen2_sgrpo/progen2_sgrpo_ng12_sg8_bs2_len256_rbs16_gw08_slurm52572/checkpoint-000100		0.25	0.3	0.2	0.25	0.9	/public/home/xinwuye/ai4s-tool-joint-train/runs/progen2_sweep_20260430/generation/sgrpo_gw08_step100/temperature_0.9/generated.rows.jsonl	/public/home/xinwuye/ai4s-tool-joint-train/runs/progen2_sweep_20260430/foldability/sgrpo_gw08_step100/temperature_0.9/foldability.rows.jsonl	/public/home/xinwuye/ai4s-tool-joint-train/runs/progen2_sweep_20260430/developability/sgrpo_gw08_step100/temperature_0.9/developability.rows.jsonl	/public/home/xinwuye/ai4s-tool-joint-train/runs/progen2_sweep_20260430/diversity/sgrpo_gw08_step100/temperature_0.9/diversity.json
45	sgrpo_gw08_step100	SGRPO gw0.8 100	/public/home/xinwuye/ai4s-tool-joint-train/runs/progen2_sgrpo/progen2_sgrpo_ng12_sg8_bs2_len256_rbs16_gw08_slurm52572/checkpoint-000100		0.25	0.3	0.2	0.25	1.0	/public/home/xinwuye/ai4s-tool-joint-train/runs/progen2_sweep_20260430/generation/sgrpo_gw08_step100/temperature_1.0/generated.rows.jsonl	/public/home/xinwuye/ai4s-tool-joint-train/runs/progen2_sweep_20260430/foldability/sgrpo_gw08_step100/temperature_1.0/foldability.rows.jsonl	/public/home/xinwuye/ai4s-tool-joint-train/runs/progen2_sweep_20260430/developability/sgrpo_gw08_step100/temperature_1.0/developability.rows.jsonl	/public/home/xinwuye/ai4s-tool-joint-train/runs/progen2_sweep_20260430/diversity/sgrpo_gw08_step100/temperature_1.0/diversity.json
46	sgrpo_gw08_step100	SGRPO gw0.8 100	/public/home/xinwuye/ai4s-tool-joint-train/runs/progen2_sgrpo/progen2_sgrpo_ng12_sg8_bs2_len256_rbs16_gw08_slurm52572/checkpoint-000100		0.25	0.3	0.2	0.25	1.1	/public/home/xinwuye/ai4s-tool-joint-train/runs/progen2_sweep_20260430/generation/sgrpo_gw08_step100/temperature_1.1/generated.rows.jsonl	/public/home/xinwuye/ai4s-tool-joint-train/runs/progen2_sweep_20260430/foldability/sgrpo_gw08_step100/temperature_1.1/foldability.rows.jsonl	/public/home/xinwuye/ai4s-tool-joint-train/runs/progen2_sweep_20260430/developability/sgrpo_gw08_step100/temperature_1.1/developability.rows.jsonl	/public/home/xinwuye/ai4s-tool-joint-train/runs/progen2_sweep_20260430/diversity/sgrpo_gw08_step100/temperature_1.1/diversity.json
47	sgrpo_gw08_step100	SGRPO gw0.8 100	/public/home/xinwuye/ai4s-tool-joint-train/runs/progen2_sgrpo/progen2_sgrpo_ng12_sg8_bs2_len256_rbs16_gw08_slurm52572/checkpoint-000100		0.25	0.3	0.2	0.25	1.2	/public/home/xinwuye/ai4s-tool-joint-train/runs/progen2_sweep_20260430/generation/sgrpo_gw08_step100/temperature_1.2/generated.rows.jsonl	/public/home/xinwuye/ai4s-tool-joint-train/runs/progen2_sweep_20260430/foldability/sgrpo_gw08_step100/temperature_1.2/foldability.rows.jsonl	/public/home/xinwuye/ai4s-tool-joint-train/runs/progen2_sweep_20260430/developability/sgrpo_gw08_step100/temperature_1.2/developability.rows.jsonl	/public/home/xinwuye/ai4s-tool-joint-train/runs/progen2_sweep_20260430/diversity/sgrpo_gw08_step100/temperature_1.2/diversity.json
48	sgrpo_rewardsum_loo_step100	SGRPO RewardSum LOO 100	/public/home/xinwuye/ai4s-tool-joint-train/runs/progen2_sgrpo/progen2_sgrpo_ng12_sg8_bs2_len256_rbs16_rewardsum_loo_slurm53601/checkpoint-000100		0.25	0.3	0.2	0.25	0.1	/public/home/xinwuye/ai4s-tool-joint-train/runs/progen2_sweep_20260430/generation/sgrpo_rewardsum_loo_step100/temperature_0.1/generated.rows.jsonl	/public/home/xinwuye/ai4s-tool-joint-train/runs/progen2_sweep_20260430/foldability/sgrpo_rewardsum_loo_step100/temperature_0.1/foldability.rows.jsonl	/public/home/xinwuye/ai4s-tool-joint-train/runs/progen2_sweep_20260430/developability/sgrpo_rewardsum_loo_step100/temperature_0.1/developability.rows.jsonl	/public/home/xinwuye/ai4s-tool-joint-train/runs/progen2_sweep_20260430/diversity/sgrpo_rewardsum_loo_step100/temperature_0.1/diversity.json
49	sgrpo_rewardsum_loo_step100	SGRPO RewardSum LOO 100	/public/home/xinwuye/ai4s-tool-joint-train/runs/progen2_sgrpo/progen2_sgrpo_ng12_sg8_bs2_len256_rbs16_rewardsum_loo_slurm53601/checkpoint-000100		0.25	0.3	0.2	0.25	0.2	/public/home/xinwuye/ai4s-tool-joint-train/runs/progen2_sweep_20260430/generation/sgrpo_rewardsum_loo_step100/temperature_0.2/generated.rows.jsonl	/public/home/xinwuye/ai4s-tool-joint-train/runs/progen2_sweep_20260430/foldability/sgrpo_rewardsum_loo_step100/temperature_0.2/foldability.rows.jsonl	/public/home/xinwuye/ai4s-tool-joint-train/runs/progen2_sweep_20260430/developability/sgrpo_rewardsum_loo_step100/temperature_0.2/developability.rows.jsonl	/public/home/xinwuye/ai4s-tool-joint-train/runs/progen2_sweep_20260430/diversity/sgrpo_rewardsum_loo_step100/temperature_0.2/diversity.json
50	sgrpo_rewardsum_loo_step100	SGRPO RewardSum LOO 100	/public/home/xinwuye/ai4s-tool-joint-train/runs/progen2_sgrpo/progen2_sgrpo_ng12_sg8_bs2_len256_rbs16_rewardsum_loo_slurm53601/checkpoint-000100		0.25	0.3	0.2	0.25	0.3	/public/home/xinwuye/ai4s-tool-joint-train/runs/progen2_sweep_20260430/generation/sgrpo_rewardsum_loo_step100/temperature_0.3/generated.rows.jsonl	/public/home/xinwuye/ai4s-tool-joint-train/runs/progen2_sweep_20260430/foldability/sgrpo_rewardsum_loo_step100/temperature_0.3/foldability.rows.jsonl	/public/home/xinwuye/ai4s-tool-joint-train/runs/progen2_sweep_20260430/developability/sgrpo_rewardsum_loo_step100/temperature_0.3/developability.rows.jsonl	/public/home/xinwuye/ai4s-tool-joint-train/runs/progen2_sweep_20260430/diversity/sgrpo_rewardsum_loo_step100/temperature_0.3/diversity.json
51	sgrpo_rewardsum_loo_step100	SGRPO RewardSum LOO 100	/public/home/xinwuye/ai4s-tool-joint-train/runs/progen2_sgrpo/progen2_sgrpo_ng12_sg8_bs2_len256_rbs16_rewardsum_loo_slurm53601/checkpoint-000100		0.25	0.3	0.2	0.25	0.4	/public/home/xinwuye/ai4s-tool-joint-train/runs/progen2_sweep_20260430/generation/sgrpo_rewardsum_loo_step100/temperature_0.4/generated.rows.jsonl	/public/home/xinwuye/ai4s-tool-joint-train/runs/progen2_sweep_20260430/foldability/sgrpo_rewardsum_loo_step100/temperature_0.4/foldability.rows.jsonl	/public/home/xinwuye/ai4s-tool-joint-train/runs/progen2_sweep_20260430/developability/sgrpo_rewardsum_loo_step100/temperature_0.4/developability.rows.jsonl	/public/home/xinwuye/ai4s-tool-joint-train/runs/progen2_sweep_20260430/diversity/sgrpo_rewardsum_loo_step100/temperature_0.4/diversity.json
52	sgrpo_rewardsum_loo_step100	SGRPO RewardSum LOO 100	/public/home/xinwuye/ai4s-tool-joint-train/runs/progen2_sgrpo/progen2_sgrpo_ng12_sg8_bs2_len256_rbs16_rewardsum_loo_slurm53601/checkpoint-000100		0.25	0.3	0.2	0.25	0.5	/public/home/xinwuye/ai4s-tool-joint-train/runs/progen2_sweep_20260430/generation/sgrpo_rewardsum_loo_step100/temperature_0.5/generated.rows.jsonl	/public/home/xinwuye/ai4s-tool-joint-train/runs/progen2_sweep_20260430/foldability/sgrpo_rewardsum_loo_step100/temperature_0.5/foldability.rows.jsonl	/public/home/xinwuye/ai4s-tool-joint-train/runs/progen2_sweep_20260430/developability/sgrpo_rewardsum_loo_step100/temperature_0.5/developability.rows.jsonl	/public/home/xinwuye/ai4s-tool-joint-train/runs/progen2_sweep_20260430/diversity/sgrpo_rewardsum_loo_step100/temperature_0.5/diversity.json
53	sgrpo_rewardsum_loo_step100	SGRPO RewardSum LOO 100	/public/home/xinwuye/ai4s-tool-joint-train/runs/progen2_sgrpo/progen2_sgrpo_ng12_sg8_bs2_len256_rbs16_rewardsum_loo_slurm53601/checkpoint-000100		0.25	0.3	0.2	0.25	0.6	/public/home/xinwuye/ai4s-tool-joint-train/runs/progen2_sweep_20260430/generation/sgrpo_rewardsum_loo_step100/temperature_0.6/generated.rows.jsonl	/public/home/xinwuye/ai4s-tool-joint-train/runs/progen2_sweep_20260430/foldability/sgrpo_rewardsum_loo_step100/temperature_0.6/foldability.rows.jsonl	/public/home/xinwuye/ai4s-tool-joint-train/runs/progen2_sweep_20260430/developability/sgrpo_rewardsum_loo_step100/temperature_0.6/developability.rows.jsonl	/public/home/xinwuye/ai4s-tool-joint-train/runs/progen2_sweep_20260430/diversity/sgrpo_rewardsum_loo_step100/temperature_0.6/diversity.json
54	sgrpo_rewardsum_loo_step100	SGRPO RewardSum LOO 100	/public/home/xinwuye/ai4s-tool-joint-train/runs/progen2_sgrpo/progen2_sgrpo_ng12_sg8_bs2_len256_rbs16_rewardsum_loo_slurm53601/checkpoint-000100		0.25	0.3	0.2	0.25	0.7	/public/home/xinwuye/ai4s-tool-joint-train/runs/progen2_sweep_20260430/generation/sgrpo_rewardsum_loo_step100/temperature_0.7/generated.rows.jsonl	/public/home/xinwuye/ai4s-tool-joint-train/runs/progen2_sweep_20260430/foldability/sgrpo_rewardsum_loo_step100/temperature_0.7/foldability.rows.jsonl	/public/home/xinwuye/ai4s-tool-joint-train/runs/progen2_sweep_20260430/developability/sgrpo_rewardsum_loo_step100/temperature_0.7/developability.rows.jsonl	/public/home/xinwuye/ai4s-tool-joint-train/runs/progen2_sweep_20260430/diversity/sgrpo_rewardsum_loo_step100/temperature_0.7/diversity.json
55	sgrpo_rewardsum_loo_step100	SGRPO RewardSum LOO 100	/public/home/xinwuye/ai4s-tool-joint-train/runs/progen2_sgrpo/progen2_sgrpo_ng12_sg8_bs2_len256_rbs16_rewardsum_loo_slurm53601/checkpoint-000100		0.25	0.3	0.2	0.25	0.8	/public/home/xinwuye/ai4s-tool-joint-train/runs/progen2_sweep_20260430/generation/sgrpo_rewardsum_loo_step100/temperature_0.8/generated.rows.jsonl	/public/home/xinwuye/ai4s-tool-joint-train/runs/progen2_sweep_20260430/foldability/sgrpo_rewardsum_loo_step100/temperature_0.8/foldability.rows.jsonl	/public/home/xinwuye/ai4s-tool-joint-train/runs/progen2_sweep_20260430/developability/sgrpo_rewardsum_loo_step100/temperature_0.8/developability.rows.jsonl	/public/home/xinwuye/ai4s-tool-joint-train/runs/progen2_sweep_20260430/diversity/sgrpo_rewardsum_loo_step100/temperature_0.8/diversity.json
56	sgrpo_rewardsum_loo_step100	SGRPO RewardSum LOO 100	/public/home/xinwuye/ai4s-tool-joint-train/runs/progen2_sgrpo/progen2_sgrpo_ng12_sg8_bs2_len256_rbs16_rewardsum_loo_slurm53601/checkpoint-000100		0.25	0.3	0.2	0.25	0.9	/public/home/xinwuye/ai4s-tool-joint-train/runs/progen2_sweep_20260430/generation/sgrpo_rewardsum_loo_step100/temperature_0.9/generated.rows.jsonl	/public/home/xinwuye/ai4s-tool-joint-train/runs/progen2_sweep_20260430/foldability/sgrpo_rewardsum_loo_step100/temperature_0.9/foldability.rows.jsonl	/public/home/xinwuye/ai4s-tool-joint-train/runs/progen2_sweep_20260430/developability/sgrpo_rewardsum_loo_step100/temperature_0.9/developability.rows.jsonl	/public/home/xinwuye/ai4s-tool-joint-train/runs/progen2_sweep_20260430/diversity/sgrpo_rewardsum_loo_step100/temperature_0.9/diversity.json
57	sgrpo_rewardsum_loo_step100	SGRPO RewardSum LOO 100	/public/home/xinwuye/ai4s-tool-joint-train/runs/progen2_sgrpo/progen2_sgrpo_ng12_sg8_bs2_len256_rbs16_rewardsum_loo_slurm53601/checkpoint-000100		0.25	0.3	0.2	0.25	1.0	/public/home/xinwuye/ai4s-tool-joint-train/runs/progen2_sweep_20260430/generation/sgrpo_rewardsum_loo_step100/temperature_1.0/generated.rows.jsonl	/public/home/xinwuye/ai4s-tool-joint-train/runs/progen2_sweep_20260430/foldability/sgrpo_rewardsum_loo_step100/temperature_1.0/foldability.rows.jsonl	/public/home/xinwuye/ai4s-tool-joint-train/runs/progen2_sweep_20260430/developability/sgrpo_rewardsum_loo_step100/temperature_1.0/developability.rows.jsonl	/public/home/xinwuye/ai4s-tool-joint-train/runs/progen2_sweep_20260430/diversity/sgrpo_rewardsum_loo_step100/temperature_1.0/diversity.json
58	sgrpo_rewardsum_loo_step100	SGRPO RewardSum LOO 100	/public/home/xinwuye/ai4s-tool-joint-train/runs/progen2_sgrpo/progen2_sgrpo_ng12_sg8_bs2_len256_rbs16_rewardsum_loo_slurm53601/checkpoint-000100		0.25	0.3	0.2	0.25	1.1	/public/home/xinwuye/ai4s-tool-joint-train/runs/progen2_sweep_20260430/generation/sgrpo_rewardsum_loo_step100/temperature_1.1/generated.rows.jsonl	/public/home/xinwuye/ai4s-tool-joint-train/runs/progen2_sweep_20260430/foldability/sgrpo_rewardsum_loo_step100/temperature_1.1/foldability.rows.jsonl	/public/home/xinwuye/ai4s-tool-joint-train/runs/progen2_sweep_20260430/developability/sgrpo_rewardsum_loo_step100/temperature_1.1/developability.rows.jsonl	/public/home/xinwuye/ai4s-tool-joint-train/runs/progen2_sweep_20260430/diversity/sgrpo_rewardsum_loo_step100/temperature_1.1/diversity.json
59	sgrpo_rewardsum_loo_step100	SGRPO RewardSum LOO 100	/public/home/xinwuye/ai4s-tool-joint-train/runs/progen2_sgrpo/progen2_sgrpo_ng12_sg8_bs2_len256_rbs16_rewardsum_loo_slurm53601/checkpoint-000100		0.25	0.3	0.2	0.25	1.2	/public/home/xinwuye/ai4s-tool-joint-train/runs/progen2_sweep_20260430/generation/sgrpo_rewardsum_loo_step100/temperature_1.2/generated.rows.jsonl	/public/home/xinwuye/ai4s-tool-joint-train/runs/progen2_sweep_20260430/foldability/sgrpo_rewardsum_loo_step100/temperature_1.2/foldability.rows.jsonl	/public/home/xinwuye/ai4s-tool-joint-train/runs/progen2_sweep_20260430/developability/sgrpo_rewardsum_loo_step100/temperature_1.2/developability.rows.jsonl	/public/home/xinwuye/ai4s-tool-joint-train/runs/progen2_sweep_20260430/diversity/sgrpo_rewardsum_loo_step100/temperature_1.2/diversity.json
60	sgrpo_gw08_rewardsum_loo_step100	SGRPO gw0.8 RewardSum LOO 100	/public/home/xinwuye/ai4s-tool-joint-train/runs/progen2_sgrpo/progen2_sgrpo_ng12_sg8_bs2_len256_rbs16_gw08_rewardsum_loo_slurm53602/checkpoint-000100		0.25	0.3	0.2	0.25	0.1	/public/home/xinwuye/ai4s-tool-joint-train/runs/progen2_sweep_20260430/generation/sgrpo_gw08_rewardsum_loo_step100/temperature_0.1/generated.rows.jsonl	/public/home/xinwuye/ai4s-tool-joint-train/runs/progen2_sweep_20260430/foldability/sgrpo_gw08_rewardsum_loo_step100/temperature_0.1/foldability.rows.jsonl	/public/home/xinwuye/ai4s-tool-joint-train/runs/progen2_sweep_20260430/developability/sgrpo_gw08_rewardsum_loo_step100/temperature_0.1/developability.rows.jsonl	/public/home/xinwuye/ai4s-tool-joint-train/runs/progen2_sweep_20260430/diversity/sgrpo_gw08_rewardsum_loo_step100/temperature_0.1/diversity.json
61	sgrpo_gw08_rewardsum_loo_step100	SGRPO gw0.8 RewardSum LOO 100	/public/home/xinwuye/ai4s-tool-joint-train/runs/progen2_sgrpo/progen2_sgrpo_ng12_sg8_bs2_len256_rbs16_gw08_rewardsum_loo_slurm53602/checkpoint-000100		0.25	0.3	0.2	0.25	0.2	/public/home/xinwuye/ai4s-tool-joint-train/runs/progen2_sweep_20260430/generation/sgrpo_gw08_rewardsum_loo_step100/temperature_0.2/generated.rows.jsonl	/public/home/xinwuye/ai4s-tool-joint-train/runs/progen2_sweep_20260430/foldability/sgrpo_gw08_rewardsum_loo_step100/temperature_0.2/foldability.rows.jsonl	/public/home/xinwuye/ai4s-tool-joint-train/runs/progen2_sweep_20260430/developability/sgrpo_gw08_rewardsum_loo_step100/temperature_0.2/developability.rows.jsonl	/public/home/xinwuye/ai4s-tool-joint-train/runs/progen2_sweep_20260430/diversity/sgrpo_gw08_rewardsum_loo_step100/temperature_0.2/diversity.json
62	sgrpo_gw08_rewardsum_loo_step100	SGRPO gw0.8 RewardSum LOO 100	/public/home/xinwuye/ai4s-tool-joint-train/runs/progen2_sgrpo/progen2_sgrpo_ng12_sg8_bs2_len256_rbs16_gw08_rewardsum_loo_slurm53602/checkpoint-000100		0.25	0.3	0.2	0.25	0.3	/public/home/xinwuye/ai4s-tool-joint-train/runs/progen2_sweep_20260430/generation/sgrpo_gw08_rewardsum_loo_step100/temperature_0.3/generated.rows.jsonl	/public/home/xinwuye/ai4s-tool-joint-train/runs/progen2_sweep_20260430/foldability/sgrpo_gw08_rewardsum_loo_step100/temperature_0.3/foldability.rows.jsonl	/public/home/xinwuye/ai4s-tool-joint-train/runs/progen2_sweep_20260430/developability/sgrpo_gw08_rewardsum_loo_step100/temperature_0.3/developability.rows.jsonl	/public/home/xinwuye/ai4s-tool-joint-train/runs/progen2_sweep_20260430/diversity/sgrpo_gw08_rewardsum_loo_step100/temperature_0.3/diversity.json
63	sgrpo_gw08_rewardsum_loo_step100	SGRPO gw0.8 RewardSum LOO 100	/public/home/xinwuye/ai4s-tool-joint-train/runs/progen2_sgrpo/progen2_sgrpo_ng12_sg8_bs2_len256_rbs16_gw08_rewardsum_loo_slurm53602/checkpoint-000100		0.25	0.3	0.2	0.25	0.4	/public/home/xinwuye/ai4s-tool-joint-train/runs/progen2_sweep_20260430/generation/sgrpo_gw08_rewardsum_loo_step100/temperature_0.4/generated.rows.jsonl	/public/home/xinwuye/ai4s-tool-joint-train/runs/progen2_sweep_20260430/foldability/sgrpo_gw08_rewardsum_loo_step100/temperature_0.4/foldability.rows.jsonl	/public/home/xinwuye/ai4s-tool-joint-train/runs/progen2_sweep_20260430/developability/sgrpo_gw08_rewardsum_loo_step100/temperature_0.4/developability.rows.jsonl	/public/home/xinwuye/ai4s-tool-joint-train/runs/progen2_sweep_20260430/diversity/sgrpo_gw08_rewardsum_loo_step100/temperature_0.4/diversity.json
64	sgrpo_gw08_rewardsum_loo_step100	SGRPO gw0.8 RewardSum LOO 100	/public/home/xinwuye/ai4s-tool-joint-train/runs/progen2_sgrpo/progen2_sgrpo_ng12_sg8_bs2_len256_rbs16_gw08_rewardsum_loo_slurm53602/checkpoint-000100		0.25	0.3	0.2	0.25	0.5	/public/home/xinwuye/ai4s-tool-joint-train/runs/progen2_sweep_20260430/generation/sgrpo_gw08_rewardsum_loo_step100/temperature_0.5/generated.rows.jsonl	/public/home/xinwuye/ai4s-tool-joint-train/runs/progen2_sweep_20260430/foldability/sgrpo_gw08_rewardsum_loo_step100/temperature_0.5/foldability.rows.jsonl	/public/home/xinwuye/ai4s-tool-joint-train/runs/progen2_sweep_20260430/developability/sgrpo_gw08_rewardsum_loo_step100/temperature_0.5/developability.rows.jsonl	/public/home/xinwuye/ai4s-tool-joint-train/runs/progen2_sweep_20260430/diversity/sgrpo_gw08_rewardsum_loo_step100/temperature_0.5/diversity.json
65	sgrpo_gw08_rewardsum_loo_step100	SGRPO gw0.8 RewardSum LOO 100	/public/home/xinwuye/ai4s-tool-joint-train/runs/progen2_sgrpo/progen2_sgrpo_ng12_sg8_bs2_len256_rbs16_gw08_rewardsum_loo_slurm53602/checkpoint-000100		0.25	0.3	0.2	0.25	0.6	/public/home/xinwuye/ai4s-tool-joint-train/runs/progen2_sweep_20260430/generation/sgrpo_gw08_rewardsum_loo_step100/temperature_0.6/generated.rows.jsonl	/public/home/xinwuye/ai4s-tool-joint-train/runs/progen2_sweep_20260430/foldability/sgrpo_gw08_rewardsum_loo_step100/temperature_0.6/foldability.rows.jsonl	/public/home/xinwuye/ai4s-tool-joint-train/runs/progen2_sweep_20260430/developability/sgrpo_gw08_rewardsum_loo_step100/temperature_0.6/developability.rows.jsonl	/public/home/xinwuye/ai4s-tool-joint-train/runs/progen2_sweep_20260430/diversity/sgrpo_gw08_rewardsum_loo_step100/temperature_0.6/diversity.json
66	sgrpo_gw08_rewardsum_loo_step100	SGRPO gw0.8 RewardSum LOO 100	/public/home/xinwuye/ai4s-tool-joint-train/runs/progen2_sgrpo/progen2_sgrpo_ng12_sg8_bs2_len256_rbs16_gw08_rewardsum_loo_slurm53602/checkpoint-000100		0.25	0.3	0.2	0.25	0.7	/public/home/xinwuye/ai4s-tool-joint-train/runs/progen2_sweep_20260430/generation/sgrpo_gw08_rewardsum_loo_step100/temperature_0.7/generated.rows.jsonl	/public/home/xinwuye/ai4s-tool-joint-train/runs/progen2_sweep_20260430/foldability/sgrpo_gw08_rewardsum_loo_step100/temperature_0.7/foldability.rows.jsonl	/public/home/xinwuye/ai4s-tool-joint-train/runs/progen2_sweep_20260430/developability/sgrpo_gw08_rewardsum_loo_step100/temperature_0.7/developability.rows.jsonl	/public/home/xinwuye/ai4s-tool-joint-train/runs/progen2_sweep_20260430/diversity/sgrpo_gw08_rewardsum_loo_step100/temperature_0.7/diversity.json
67	sgrpo_gw08_rewardsum_loo_step100	SGRPO gw0.8 RewardSum LOO 100	/public/home/xinwuye/ai4s-tool-joint-train/runs/progen2_sgrpo/progen2_sgrpo_ng12_sg8_bs2_len256_rbs16_gw08_rewardsum_loo_slurm53602/checkpoint-000100		0.25	0.3	0.2	0.25	0.8	/public/home/xinwuye/ai4s-tool-joint-train/runs/progen2_sweep_20260430/generation/sgrpo_gw08_rewardsum_loo_step100/temperature_0.8/generated.rows.jsonl	/public/home/xinwuye/ai4s-tool-joint-train/runs/progen2_sweep_20260430/foldability/sgrpo_gw08_rewardsum_loo_step100/temperature_0.8/foldability.rows.jsonl	/public/home/xinwuye/ai4s-tool-joint-train/runs/progen2_sweep_20260430/developability/sgrpo_gw08_rewardsum_loo_step100/temperature_0.8/developability.rows.jsonl	/public/home/xinwuye/ai4s-tool-joint-train/runs/progen2_sweep_20260430/diversity/sgrpo_gw08_rewardsum_loo_step100/temperature_0.8/diversity.json
68	sgrpo_gw08_rewardsum_loo_step100	SGRPO gw0.8 RewardSum LOO 100	/public/home/xinwuye/ai4s-tool-joint-train/runs/progen2_sgrpo/progen2_sgrpo_ng12_sg8_bs2_len256_rbs16_gw08_rewardsum_loo_slurm53602/checkpoint-000100		0.25	0.3	0.2	0.25	0.9	/public/home/xinwuye/ai4s-tool-joint-train/runs/progen2_sweep_20260430/generation/sgrpo_gw08_rewardsum_loo_step100/temperature_0.9/generated.rows.jsonl	/public/home/xinwuye/ai4s-tool-joint-train/runs/progen2_sweep_20260430/foldability/sgrpo_gw08_rewardsum_loo_step100/temperature_0.9/foldability.rows.jsonl	/public/home/xinwuye/ai4s-tool-joint-train/runs/progen2_sweep_20260430/developability/sgrpo_gw08_rewardsum_loo_step100/temperature_0.9/developability.rows.jsonl	/public/home/xinwuye/ai4s-tool-joint-train/runs/progen2_sweep_20260430/diversity/sgrpo_gw08_rewardsum_loo_step100/temperature_0.9/diversity.json
69	sgrpo_gw08_rewardsum_loo_step100	SGRPO gw0.8 RewardSum LOO 100	/public/home/xinwuye/ai4s-tool-joint-train/runs/progen2_sgrpo/progen2_sgrpo_ng12_sg8_bs2_len256_rbs16_gw08_rewardsum_loo_slurm53602/checkpoint-000100		0.25	0.3	0.2	0.25	1.0	/public/home/xinwuye/ai4s-tool-joint-train/runs/progen2_sweep_20260430/generation/sgrpo_gw08_rewardsum_loo_step100/temperature_1.0/generated.rows.jsonl	/public/home/xinwuye/ai4s-tool-joint-train/runs/progen2_sweep_20260430/foldability/sgrpo_gw08_rewardsum_loo_step100/temperature_1.0/foldability.rows.jsonl	/public/home/xinwuye/ai4s-tool-joint-train/runs/progen2_sweep_20260430/developability/sgrpo_gw08_rewardsum_loo_step100/temperature_1.0/developability.rows.jsonl	/public/home/xinwuye/ai4s-tool-joint-train/runs/progen2_sweep_20260430/diversity/sgrpo_gw08_rewardsum_loo_step100/temperature_1.0/diversity.json
70	sgrpo_gw08_rewardsum_loo_step100	SGRPO gw0.8 RewardSum LOO 100	/public/home/xinwuye/ai4s-tool-joint-train/runs/progen2_sgrpo/progen2_sgrpo_ng12_sg8_bs2_len256_rbs16_gw08_rewardsum_loo_slurm53602/checkpoint-000100		0.25	0.3	0.2	0.25	1.1	/public/home/xinwuye/ai4s-tool-joint-train/runs/progen2_sweep_20260430/generation/sgrpo_gw08_rewardsum_loo_step100/temperature_1.1/generated.rows.jsonl	/public/home/xinwuye/ai4s-tool-joint-train/runs/progen2_sweep_20260430/foldability/sgrpo_gw08_rewardsum_loo_step100/temperature_1.1/foldability.rows.jsonl	/public/home/xinwuye/ai4s-tool-joint-train/runs/progen2_sweep_20260430/developability/sgrpo_gw08_rewardsum_loo_step100/temperature_1.1/developability.rows.jsonl	/public/home/xinwuye/ai4s-tool-joint-train/runs/progen2_sweep_20260430/diversity/sgrpo_gw08_rewardsum_loo_step100/temperature_1.1/diversity.json
71	sgrpo_gw08_rewardsum_loo_step100	SGRPO gw0.8 RewardSum LOO 100	/public/home/xinwuye/ai4s-tool-joint-train/runs/progen2_sgrpo/progen2_sgrpo_ng12_sg8_bs2_len256_rbs16_gw08_rewardsum_loo_slurm53602/checkpoint-000100		0.25	0.3	0.2	0.25	1.2	/public/home/xinwuye/ai4s-tool-joint-train/runs/progen2_sweep_20260430/generation/sgrpo_gw08_rewardsum_loo_step100/temperature_1.2/generated.rows.jsonl	/public/home/xinwuye/ai4s-tool-joint-train/runs/progen2_sweep_20260430/foldability/sgrpo_gw08_rewardsum_loo_step100/temperature_1.2/foldability.rows.jsonl	/public/home/xinwuye/ai4s-tool-joint-train/runs/progen2_sweep_20260430/developability/sgrpo_gw08_rewardsum_loo_step100/temperature_1.2/developability.rows.jsonl	/public/home/xinwuye/ai4s-tool-joint-train/runs/progen2_sweep_20260430/diversity/sgrpo_gw08_rewardsum_loo_step100/temperature_1.2/diversity.json
72	sgrpo_ng6_bs4_rewardsum_loo_step100	SGRPO RewardSum LOO ng6 bs4 100	/public/home/xinwuye/ai4s-tool-joint-train/runs/progen2_sgrpo/progen2_sgrpo_ng6_sg8_bs4_len256_rbs16_rewardsum_loo_slurm53811/checkpoint-000100		0.25	0.3	0.2	0.25	0.1	/public/home/xinwuye/ai4s-tool-joint-train/runs/progen2_sweep_20260430/generation/sgrpo_ng6_bs4_rewardsum_loo_step100/temperature_0.1/generated.rows.jsonl	/public/home/xinwuye/ai4s-tool-joint-train/runs/progen2_sweep_20260430/foldability/sgrpo_ng6_bs4_rewardsum_loo_step100/temperature_0.1/foldability.rows.jsonl	/public/home/xinwuye/ai4s-tool-joint-train/runs/progen2_sweep_20260430/developability/sgrpo_ng6_bs4_rewardsum_loo_step100/temperature_0.1/developability.rows.jsonl	/public/home/xinwuye/ai4s-tool-joint-train/runs/progen2_sweep_20260430/diversity/sgrpo_ng6_bs4_rewardsum_loo_step100/temperature_0.1/diversity.json
73	sgrpo_ng6_bs4_rewardsum_loo_step100	SGRPO RewardSum LOO ng6 bs4 100	/public/home/xinwuye/ai4s-tool-joint-train/runs/progen2_sgrpo/progen2_sgrpo_ng6_sg8_bs4_len256_rbs16_rewardsum_loo_slurm53811/checkpoint-000100		0.25	0.3	0.2	0.25	0.2	/public/home/xinwuye/ai4s-tool-joint-train/runs/progen2_sweep_20260430/generation/sgrpo_ng6_bs4_rewardsum_loo_step100/temperature_0.2/generated.rows.jsonl	/public/home/xinwuye/ai4s-tool-joint-train/runs/progen2_sweep_20260430/foldability/sgrpo_ng6_bs4_rewardsum_loo_step100/temperature_0.2/foldability.rows.jsonl	/public/home/xinwuye/ai4s-tool-joint-train/runs/progen2_sweep_20260430/developability/sgrpo_ng6_bs4_rewardsum_loo_step100/temperature_0.2/developability.rows.jsonl	/public/home/xinwuye/ai4s-tool-joint-train/runs/progen2_sweep_20260430/diversity/sgrpo_ng6_bs4_rewardsum_loo_step100/temperature_0.2/diversity.json
74	sgrpo_ng6_bs4_rewardsum_loo_step100	SGRPO RewardSum LOO ng6 bs4 100	/public/home/xinwuye/ai4s-tool-joint-train/runs/progen2_sgrpo/progen2_sgrpo_ng6_sg8_bs4_len256_rbs16_rewardsum_loo_slurm53811/checkpoint-000100		0.25	0.3	0.2	0.25	0.3	/public/home/xinwuye/ai4s-tool-joint-train/runs/progen2_sweep_20260430/generation/sgrpo_ng6_bs4_rewardsum_loo_step100/temperature_0.3/generated.rows.jsonl	/public/home/xinwuye/ai4s-tool-joint-train/runs/progen2_sweep_20260430/foldability/sgrpo_ng6_bs4_rewardsum_loo_step100/temperature_0.3/foldability.rows.jsonl	/public/home/xinwuye/ai4s-tool-joint-train/runs/progen2_sweep_20260430/developability/sgrpo_ng6_bs4_rewardsum_loo_step100/temperature_0.3/developability.rows.jsonl	/public/home/xinwuye/ai4s-tool-joint-train/runs/progen2_sweep_20260430/diversity/sgrpo_ng6_bs4_rewardsum_loo_step100/temperature_0.3/diversity.json
75	sgrpo_ng6_bs4_rewardsum_loo_step100	SGRPO RewardSum LOO ng6 bs4 100	/public/home/xinwuye/ai4s-tool-joint-train/runs/progen2_sgrpo/progen2_sgrpo_ng6_sg8_bs4_len256_rbs16_rewardsum_loo_slurm53811/checkpoint-000100		0.25	0.3	0.2	0.25	0.4	/public/home/xinwuye/ai4s-tool-joint-train/runs/progen2_sweep_20260430/generation/sgrpo_ng6_bs4_rewardsum_loo_step100/temperature_0.4/generated.rows.jsonl	/public/home/xinwuye/ai4s-tool-joint-train/runs/progen2_sweep_20260430/foldability/sgrpo_ng6_bs4_rewardsum_loo_step100/temperature_0.4/foldability.rows.jsonl	/public/home/xinwuye/ai4s-tool-joint-train/runs/progen2_sweep_20260430/developability/sgrpo_ng6_bs4_rewardsum_loo_step100/temperature_0.4/developability.rows.jsonl	/public/home/xinwuye/ai4s-tool-joint-train/runs/progen2_sweep_20260430/diversity/sgrpo_ng6_bs4_rewardsum_loo_step100/temperature_0.4/diversity.json
76	sgrpo_ng6_bs4_rewardsum_loo_step100	SGRPO RewardSum LOO ng6 bs4 100	/public/home/xinwuye/ai4s-tool-joint-train/runs/progen2_sgrpo/progen2_sgrpo_ng6_sg8_bs4_len256_rbs16_rewardsum_loo_slurm53811/checkpoint-000100		0.25	0.3	0.2	0.25	0.5	/public/home/xinwuye/ai4s-tool-joint-train/runs/progen2_sweep_20260430/generation/sgrpo_ng6_bs4_rewardsum_loo_step100/temperature_0.5/generated.rows.jsonl	/public/home/xinwuye/ai4s-tool-joint-train/runs/progen2_sweep_20260430/foldability/sgrpo_ng6_bs4_rewardsum_loo_step100/temperature_0.5/foldability.rows.jsonl	/public/home/xinwuye/ai4s-tool-joint-train/runs/progen2_sweep_20260430/developability/sgrpo_ng6_bs4_rewardsum_loo_step100/temperature_0.5/developability.rows.jsonl	/public/home/xinwuye/ai4s-tool-joint-train/runs/progen2_sweep_20260430/diversity/sgrpo_ng6_bs4_rewardsum_loo_step100/temperature_0.5/diversity.json
77	sgrpo_ng6_bs4_rewardsum_loo_step100	SGRPO RewardSum LOO ng6 bs4 100	/public/home/xinwuye/ai4s-tool-joint-train/runs/progen2_sgrpo/progen2_sgrpo_ng6_sg8_bs4_len256_rbs16_rewardsum_loo_slurm53811/checkpoint-000100		0.25	0.3	0.2	0.25	0.6	/public/home/xinwuye/ai4s-tool-joint-train/runs/progen2_sweep_20260430/generation/sgrpo_ng6_bs4_rewardsum_loo_step100/temperature_0.6/generated.rows.jsonl	/public/home/xinwuye/ai4s-tool-joint-train/runs/progen2_sweep_20260430/foldability/sgrpo_ng6_bs4_rewardsum_loo_step100/temperature_0.6/foldability.rows.jsonl	/public/home/xinwuye/ai4s-tool-joint-train/runs/progen2_sweep_20260430/developability/sgrpo_ng6_bs4_rewardsum_loo_step100/temperature_0.6/developability.rows.jsonl	/public/home/xinwuye/ai4s-tool-joint-train/runs/progen2_sweep_20260430/diversity/sgrpo_ng6_bs4_rewardsum_loo_step100/temperature_0.6/diversity.json
78	sgrpo_ng6_bs4_rewardsum_loo_step100	SGRPO RewardSum LOO ng6 bs4 100	/public/home/xinwuye/ai4s-tool-joint-train/runs/progen2_sgrpo/progen2_sgrpo_ng6_sg8_bs4_len256_rbs16_rewardsum_loo_slurm53811/checkpoint-000100		0.25	0.3	0.2	0.25	0.7	/public/home/xinwuye/ai4s-tool-joint-train/runs/progen2_sweep_20260430/generation/sgrpo_ng6_bs4_rewardsum_loo_step100/temperature_0.7/generated.rows.jsonl	/public/home/xinwuye/ai4s-tool-joint-train/runs/progen2_sweep_20260430/foldability/sgrpo_ng6_bs4_rewardsum_loo_step100/temperature_0.7/foldability.rows.jsonl	/public/home/xinwuye/ai4s-tool-joint-train/runs/progen2_sweep_20260430/developability/sgrpo_ng6_bs4_rewardsum_loo_step100/temperature_0.7/developability.rows.jsonl	/public/home/xinwuye/ai4s-tool-joint-train/runs/progen2_sweep_20260430/diversity/sgrpo_ng6_bs4_rewardsum_loo_step100/temperature_0.7/diversity.json
79	sgrpo_ng6_bs4_rewardsum_loo_step100	SGRPO RewardSum LOO ng6 bs4 100	/public/home/xinwuye/ai4s-tool-joint-train/runs/progen2_sgrpo/progen2_sgrpo_ng6_sg8_bs4_len256_rbs16_rewardsum_loo_slurm53811/checkpoint-000100		0.25	0.3	0.2	0.25	0.8	/public/home/xinwuye/ai4s-tool-joint-train/runs/progen2_sweep_20260430/generation/sgrpo_ng6_bs4_rewardsum_loo_step100/temperature_0.8/generated.rows.jsonl	/public/home/xinwuye/ai4s-tool-joint-train/runs/progen2_sweep_20260430/foldability/sgrpo_ng6_bs4_rewardsum_loo_step100/temperature_0.8/foldability.rows.jsonl	/public/home/xinwuye/ai4s-tool-joint-train/runs/progen2_sweep_20260430/developability/sgrpo_ng6_bs4_rewardsum_loo_step100/temperature_0.8/developability.rows.jsonl	/public/home/xinwuye/ai4s-tool-joint-train/runs/progen2_sweep_20260430/diversity/sgrpo_ng6_bs4_rewardsum_loo_step100/temperature_0.8/diversity.json
80	sgrpo_ng6_bs4_rewardsum_loo_step100	SGRPO RewardSum LOO ng6 bs4 100	/public/home/xinwuye/ai4s-tool-joint-train/runs/progen2_sgrpo/progen2_sgrpo_ng6_sg8_bs4_len256_rbs16_rewardsum_loo_slurm53811/checkpoint-000100		0.25	0.3	0.2	0.25	0.9	/public/home/xinwuye/ai4s-tool-joint-train/runs/progen2_sweep_20260430/generation/sgrpo_ng6_bs4_rewardsum_loo_step100/temperature_0.9/generated.rows.jsonl	/public/home/xinwuye/ai4s-tool-joint-train/runs/progen2_sweep_20260430/foldability/sgrpo_ng6_bs4_rewardsum_loo_step100/temperature_0.9/foldability.rows.jsonl	/public/home/xinwuye/ai4s-tool-joint-train/runs/progen2_sweep_20260430/developability/sgrpo_ng6_bs4_rewardsum_loo_step100/temperature_0.9/developability.rows.jsonl	/public/home/xinwuye/ai4s-tool-joint-train/runs/progen2_sweep_20260430/diversity/sgrpo_ng6_bs4_rewardsum_loo_step100/temperature_0.9/diversity.json
81	sgrpo_ng6_bs4_rewardsum_loo_step100	SGRPO RewardSum LOO ng6 bs4 100	/public/home/xinwuye/ai4s-tool-joint-train/runs/progen2_sgrpo/progen2_sgrpo_ng6_sg8_bs4_len256_rbs16_rewardsum_loo_slurm53811/checkpoint-000100		0.25	0.3	0.2	0.25	1.0	/public/home/xinwuye/ai4s-tool-joint-train/runs/progen2_sweep_20260430/generation/sgrpo_ng6_bs4_rewardsum_loo_step100/temperature_1.0/generated.rows.jsonl	/public/home/xinwuye/ai4s-tool-joint-train/runs/progen2_sweep_20260430/foldability/sgrpo_ng6_bs4_rewardsum_loo_step100/temperature_1.0/foldability.rows.jsonl	/public/home/xinwuye/ai4s-tool-joint-train/runs/progen2_sweep_20260430/developability/sgrpo_ng6_bs4_rewardsum_loo_step100/temperature_1.0/developability.rows.jsonl	/public/home/xinwuye/ai4s-tool-joint-train/runs/progen2_sweep_20260430/diversity/sgrpo_ng6_bs4_rewardsum_loo_step100/temperature_1.0/diversity.json
82	sgrpo_ng6_bs4_rewardsum_loo_step100	SGRPO RewardSum LOO ng6 bs4 100	/public/home/xinwuye/ai4s-tool-joint-train/runs/progen2_sgrpo/progen2_sgrpo_ng6_sg8_bs4_len256_rbs16_rewardsum_loo_slurm53811/checkpoint-000100		0.25	0.3	0.2	0.25	1.1	/public/home/xinwuye/ai4s-tool-joint-train/runs/progen2_sweep_20260430/generation/sgrpo_ng6_bs4_rewardsum_loo_step100/temperature_1.1/generated.rows.jsonl	/public/home/xinwuye/ai4s-tool-joint-train/runs/progen2_sweep_20260430/foldability/sgrpo_ng6_bs4_rewardsum_loo_step100/temperature_1.1/foldability.rows.jsonl	/public/home/xinwuye/ai4s-tool-joint-train/runs/progen2_sweep_20260430/developability/sgrpo_ng6_bs4_rewardsum_loo_step100/temperature_1.1/developability.rows.jsonl	/public/home/xinwuye/ai4s-tool-joint-train/runs/progen2_sweep_20260430/diversity/sgrpo_ng6_bs4_rewardsum_loo_step100/temperature_1.1/diversity.json
83	sgrpo_ng6_bs4_rewardsum_loo_step100	SGRPO RewardSum LOO ng6 bs4 100	/public/home/xinwuye/ai4s-tool-joint-train/runs/progen2_sgrpo/progen2_sgrpo_ng6_sg8_bs4_len256_rbs16_rewardsum_loo_slurm53811/checkpoint-000100		0.25	0.3	0.2	0.25	1.2	/public/home/xinwuye/ai4s-tool-joint-train/runs/progen2_sweep_20260430/generation/sgrpo_ng6_bs4_rewardsum_loo_step100/temperature_1.2/generated.rows.jsonl	/public/home/xinwuye/ai4s-tool-joint-train/runs/progen2_sweep_20260430/foldability/sgrpo_ng6_bs4_rewardsum_loo_step100/temperature_1.2/foldability.rows.jsonl	/public/home/xinwuye/ai4s-tool-joint-train/runs/progen2_sweep_20260430/developability/sgrpo_ng6_bs4_rewardsum_loo_step100/temperature_1.2/developability.rows.jsonl	/public/home/xinwuye/ai4s-tool-joint-train/runs/progen2_sweep_20260430/diversity/sgrpo_ng6_bs4_rewardsum_loo_step100/temperature_1.2/diversity.json
84	sgrpo_ng4_bs6_rewardsum_loo_step100	SGRPO RewardSum LOO ng4 bs6 100	/public/home/xinwuye/ai4s-tool-joint-train/runs/progen2_sgrpo/progen2_sgrpo_ng4_sg8_bs6_len256_rbs16_rewardsum_loo_slurm53812/checkpoint-000100		0.25	0.3	0.2	0.25	0.1	/public/home/xinwuye/ai4s-tool-joint-train/runs/progen2_sweep_20260430/generation/sgrpo_ng4_bs6_rewardsum_loo_step100/temperature_0.1/generated.rows.jsonl	/public/home/xinwuye/ai4s-tool-joint-train/runs/progen2_sweep_20260430/foldability/sgrpo_ng4_bs6_rewardsum_loo_step100/temperature_0.1/foldability.rows.jsonl	/public/home/xinwuye/ai4s-tool-joint-train/runs/progen2_sweep_20260430/developability/sgrpo_ng4_bs6_rewardsum_loo_step100/temperature_0.1/developability.rows.jsonl	/public/home/xinwuye/ai4s-tool-joint-train/runs/progen2_sweep_20260430/diversity/sgrpo_ng4_bs6_rewardsum_loo_step100/temperature_0.1/diversity.json
85	sgrpo_ng4_bs6_rewardsum_loo_step100	SGRPO RewardSum LOO ng4 bs6 100	/public/home/xinwuye/ai4s-tool-joint-train/runs/progen2_sgrpo/progen2_sgrpo_ng4_sg8_bs6_len256_rbs16_rewardsum_loo_slurm53812/checkpoint-000100		0.25	0.3	0.2	0.25	0.2	/public/home/xinwuye/ai4s-tool-joint-train/runs/progen2_sweep_20260430/generation/sgrpo_ng4_bs6_rewardsum_loo_step100/temperature_0.2/generated.rows.jsonl	/public/home/xinwuye/ai4s-tool-joint-train/runs/progen2_sweep_20260430/foldability/sgrpo_ng4_bs6_rewardsum_loo_step100/temperature_0.2/foldability.rows.jsonl	/public/home/xinwuye/ai4s-tool-joint-train/runs/progen2_sweep_20260430/developability/sgrpo_ng4_bs6_rewardsum_loo_step100/temperature_0.2/developability.rows.jsonl	/public/home/xinwuye/ai4s-tool-joint-train/runs/progen2_sweep_20260430/diversity/sgrpo_ng4_bs6_rewardsum_loo_step100/temperature_0.2/diversity.json
86	sgrpo_ng4_bs6_rewardsum_loo_step100	SGRPO RewardSum LOO ng4 bs6 100	/public/home/xinwuye/ai4s-tool-joint-train/runs/progen2_sgrpo/progen2_sgrpo_ng4_sg8_bs6_len256_rbs16_rewardsum_loo_slurm53812/checkpoint-000100		0.25	0.3	0.2	0.25	0.3	/public/home/xinwuye/ai4s-tool-joint-train/runs/progen2_sweep_20260430/generation/sgrpo_ng4_bs6_rewardsum_loo_step100/temperature_0.3/generated.rows.jsonl	/public/home/xinwuye/ai4s-tool-joint-train/runs/progen2_sweep_20260430/foldability/sgrpo_ng4_bs6_rewardsum_loo_step100/temperature_0.3/foldability.rows.jsonl	/public/home/xinwuye/ai4s-tool-joint-train/runs/progen2_sweep_20260430/developability/sgrpo_ng4_bs6_rewardsum_loo_step100/temperature_0.3/developability.rows.jsonl	/public/home/xinwuye/ai4s-tool-joint-train/runs/progen2_sweep_20260430/diversity/sgrpo_ng4_bs6_rewardsum_loo_step100/temperature_0.3/diversity.json
87	sgrpo_ng4_bs6_rewardsum_loo_step100	SGRPO RewardSum LOO ng4 bs6 100	/public/home/xinwuye/ai4s-tool-joint-train/runs/progen2_sgrpo/progen2_sgrpo_ng4_sg8_bs6_len256_rbs16_rewardsum_loo_slurm53812/checkpoint-000100		0.25	0.3	0.2	0.25	0.4	/public/home/xinwuye/ai4s-tool-joint-train/runs/progen2_sweep_20260430/generation/sgrpo_ng4_bs6_rewardsum_loo_step100/temperature_0.4/generated.rows.jsonl	/public/home/xinwuye/ai4s-tool-joint-train/runs/progen2_sweep_20260430/foldability/sgrpo_ng4_bs6_rewardsum_loo_step100/temperature_0.4/foldability.rows.jsonl	/public/home/xinwuye/ai4s-tool-joint-train/runs/progen2_sweep_20260430/developability/sgrpo_ng4_bs6_rewardsum_loo_step100/temperature_0.4/developability.rows.jsonl	/public/home/xinwuye/ai4s-tool-joint-train/runs/progen2_sweep_20260430/diversity/sgrpo_ng4_bs6_rewardsum_loo_step100/temperature_0.4/diversity.json
88	sgrpo_ng4_bs6_rewardsum_loo_step100	SGRPO RewardSum LOO ng4 bs6 100	/public/home/xinwuye/ai4s-tool-joint-train/runs/progen2_sgrpo/progen2_sgrpo_ng4_sg8_bs6_len256_rbs16_rewardsum_loo_slurm53812/checkpoint-000100		0.25	0.3	0.2	0.25	0.5	/public/home/xinwuye/ai4s-tool-joint-train/runs/progen2_sweep_20260430/generation/sgrpo_ng4_bs6_rewardsum_loo_step100/temperature_0.5/generated.rows.jsonl	/public/home/xinwuye/ai4s-tool-joint-train/runs/progen2_sweep_20260430/foldability/sgrpo_ng4_bs6_rewardsum_loo_step100/temperature_0.5/foldability.rows.jsonl	/public/home/xinwuye/ai4s-tool-joint-train/runs/progen2_sweep_20260430/developability/sgrpo_ng4_bs6_rewardsum_loo_step100/temperature_0.5/developability.rows.jsonl	/public/home/xinwuye/ai4s-tool-joint-train/runs/progen2_sweep_20260430/diversity/sgrpo_ng4_bs6_rewardsum_loo_step100/temperature_0.5/diversity.json
89	sgrpo_ng4_bs6_rewardsum_loo_step100	SGRPO RewardSum LOO ng4 bs6 100	/public/home/xinwuye/ai4s-tool-joint-train/runs/progen2_sgrpo/progen2_sgrpo_ng4_sg8_bs6_len256_rbs16_rewardsum_loo_slurm53812/checkpoint-000100		0.25	0.3	0.2	0.25	0.6	/public/home/xinwuye/ai4s-tool-joint-train/runs/progen2_sweep_20260430/generation/sgrpo_ng4_bs6_rewardsum_loo_step100/temperature_0.6/generated.rows.jsonl	/public/home/xinwuye/ai4s-tool-joint-train/runs/progen2_sweep_20260430/foldability/sgrpo_ng4_bs6_rewardsum_loo_step100/temperature_0.6/foldability.rows.jsonl	/public/home/xinwuye/ai4s-tool-joint-train/runs/progen2_sweep_20260430/developability/sgrpo_ng4_bs6_rewardsum_loo_step100/temperature_0.6/developability.rows.jsonl	/public/home/xinwuye/ai4s-tool-joint-train/runs/progen2_sweep_20260430/diversity/sgrpo_ng4_bs6_rewardsum_loo_step100/temperature_0.6/diversity.json
90	sgrpo_ng4_bs6_rewardsum_loo_step100	SGRPO RewardSum LOO ng4 bs6 100	/public/home/xinwuye/ai4s-tool-joint-train/runs/progen2_sgrpo/progen2_sgrpo_ng4_sg8_bs6_len256_rbs16_rewardsum_loo_slurm53812/checkpoint-000100		0.25	0.3	0.2	0.25	0.7	/public/home/xinwuye/ai4s-tool-joint-train/runs/progen2_sweep_20260430/generation/sgrpo_ng4_bs6_rewardsum_loo_step100/temperature_0.7/generated.rows.jsonl	/public/home/xinwuye/ai4s-tool-joint-train/runs/progen2_sweep_20260430/foldability/sgrpo_ng4_bs6_rewardsum_loo_step100/temperature_0.7/foldability.rows.jsonl	/public/home/xinwuye/ai4s-tool-joint-train/runs/progen2_sweep_20260430/developability/sgrpo_ng4_bs6_rewardsum_loo_step100/temperature_0.7/developability.rows.jsonl	/public/home/xinwuye/ai4s-tool-joint-train/runs/progen2_sweep_20260430/diversity/sgrpo_ng4_bs6_rewardsum_loo_step100/temperature_0.7/diversity.json
91	sgrpo_ng4_bs6_rewardsum_loo_step100	SGRPO RewardSum LOO ng4 bs6 100	/public/home/xinwuye/ai4s-tool-joint-train/runs/progen2_sgrpo/progen2_sgrpo_ng4_sg8_bs6_len256_rbs16_rewardsum_loo_slurm53812/checkpoint-000100		0.25	0.3	0.2	0.25	0.8	/public/home/xinwuye/ai4s-tool-joint-train/runs/progen2_sweep_20260430/generation/sgrpo_ng4_bs6_rewardsum_loo_step100/temperature_0.8/generated.rows.jsonl	/public/home/xinwuye/ai4s-tool-joint-train/runs/progen2_sweep_20260430/foldability/sgrpo_ng4_bs6_rewardsum_loo_step100/temperature_0.8/foldability.rows.jsonl	/public/home/xinwuye/ai4s-tool-joint-train/runs/progen2_sweep_20260430/developability/sgrpo_ng4_bs6_rewardsum_loo_step100/temperature_0.8/developability.rows.jsonl	/public/home/xinwuye/ai4s-tool-joint-train/runs/progen2_sweep_20260430/diversity/sgrpo_ng4_bs6_rewardsum_loo_step100/temperature_0.8/diversity.json
92	sgrpo_ng4_bs6_rewardsum_loo_step100	SGRPO RewardSum LOO ng4 bs6 100	/public/home/xinwuye/ai4s-tool-joint-train/runs/progen2_sgrpo/progen2_sgrpo_ng4_sg8_bs6_len256_rbs16_rewardsum_loo_slurm53812/checkpoint-000100		0.25	0.3	0.2	0.25	0.9	/public/home/xinwuye/ai4s-tool-joint-train/runs/progen2_sweep_20260430/generation/sgrpo_ng4_bs6_rewardsum_loo_step100/temperature_0.9/generated.rows.jsonl	/public/home/xinwuye/ai4s-tool-joint-train/runs/progen2_sweep_20260430/foldability/sgrpo_ng4_bs6_rewardsum_loo_step100/temperature_0.9/foldability.rows.jsonl	/public/home/xinwuye/ai4s-tool-joint-train/runs/progen2_sweep_20260430/developability/sgrpo_ng4_bs6_rewardsum_loo_step100/temperature_0.9/developability.rows.jsonl	/public/home/xinwuye/ai4s-tool-joint-train/runs/progen2_sweep_20260430/diversity/sgrpo_ng4_bs6_rewardsum_loo_step100/temperature_0.9/diversity.json
93	sgrpo_ng4_bs6_rewardsum_loo_step100	SGRPO RewardSum LOO ng4 bs6 100	/public/home/xinwuye/ai4s-tool-joint-train/runs/progen2_sgrpo/progen2_sgrpo_ng4_sg8_bs6_len256_rbs16_rewardsum_loo_slurm53812/checkpoint-000100		0.25	0.3	0.2	0.25	1.0	/public/home/xinwuye/ai4s-tool-joint-train/runs/progen2_sweep_20260430/generation/sgrpo_ng4_bs6_rewardsum_loo_step100/temperature_1.0/generated.rows.jsonl	/public/home/xinwuye/ai4s-tool-joint-train/runs/progen2_sweep_20260430/foldability/sgrpo_ng4_bs6_rewardsum_loo_step100/temperature_1.0/foldability.rows.jsonl	/public/home/xinwuye/ai4s-tool-joint-train/runs/progen2_sweep_20260430/developability/sgrpo_ng4_bs6_rewardsum_loo_step100/temperature_1.0/developability.rows.jsonl	/public/home/xinwuye/ai4s-tool-joint-train/runs/progen2_sweep_20260430/diversity/sgrpo_ng4_bs6_rewardsum_loo_step100/temperature_1.0/diversity.json
94	sgrpo_ng4_bs6_rewardsum_loo_step100	SGRPO RewardSum LOO ng4 bs6 100	/public/home/xinwuye/ai4s-tool-joint-train/runs/progen2_sgrpo/progen2_sgrpo_ng4_sg8_bs6_len256_rbs16_rewardsum_loo_slurm53812/checkpoint-000100		0.25	0.3	0.2	0.25	1.1	/public/home/xinwuye/ai4s-tool-joint-train/runs/progen2_sweep_20260430/generation/sgrpo_ng4_bs6_rewardsum_loo_step100/temperature_1.1/generated.rows.jsonl	/public/home/xinwuye/ai4s-tool-joint-train/runs/progen2_sweep_20260430/foldability/sgrpo_ng4_bs6_rewardsum_loo_step100/temperature_1.1/foldability.rows.jsonl	/public/home/xinwuye/ai4s-tool-joint-train/runs/progen2_sweep_20260430/developability/sgrpo_ng4_bs6_rewardsum_loo_step100/temperature_1.1/developability.rows.jsonl	/public/home/xinwuye/ai4s-tool-joint-train/runs/progen2_sweep_20260430/diversity/sgrpo_ng4_bs6_rewardsum_loo_step100/temperature_1.1/diversity.json
95	sgrpo_ng4_bs6_rewardsum_loo_step100	SGRPO RewardSum LOO ng4 bs6 100	/public/home/xinwuye/ai4s-tool-joint-train/runs/progen2_sgrpo/progen2_sgrpo_ng4_sg8_bs6_len256_rbs16_rewardsum_loo_slurm53812/checkpoint-000100		0.25	0.3	0.2	0.25	1.2	/public/home/xinwuye/ai4s-tool-joint-train/runs/progen2_sweep_20260430/generation/sgrpo_ng4_bs6_rewardsum_loo_step100/temperature_1.2/generated.rows.jsonl	/public/home/xinwuye/ai4s-tool-joint-train/runs/progen2_sweep_20260430/foldability/sgrpo_ng4_bs6_rewardsum_loo_step100/temperature_1.2/foldability.rows.jsonl	/public/home/xinwuye/ai4s-tool-joint-train/runs/progen2_sweep_20260430/developability/sgrpo_ng4_bs6_rewardsum_loo_step100/temperature_1.2/developability.rows.jsonl	/public/home/xinwuye/ai4s-tool-joint-train/runs/progen2_sweep_20260430/diversity/sgrpo_ng4_bs6_rewardsum_loo_step100/temperature_1.2/diversity.json
96	sgrpo_ng8_bs3_rewardsum_loo_step100	SGRPO RewardSum LOO ng8 bs3 100	/public/home/xinwuye/ai4s-tool-joint-train/runs/progen2_sgrpo/progen2_sgrpo_ng8_sg8_bs3_len256_rbs16_rewardsum_loo_slurm54206/checkpoint-000100		0.25	0.3	0.2	0.25	0.1	/public/home/xinwuye/ai4s-tool-joint-train/runs/progen2_sweep_20260430/generation/sgrpo_ng8_bs3_rewardsum_loo_step100/temperature_0.1/generated.rows.jsonl	/public/home/xinwuye/ai4s-tool-joint-train/runs/progen2_sweep_20260430/foldability/sgrpo_ng8_bs3_rewardsum_loo_step100/temperature_0.1/foldability.rows.jsonl	/public/home/xinwuye/ai4s-tool-joint-train/runs/progen2_sweep_20260430/developability/sgrpo_ng8_bs3_rewardsum_loo_step100/temperature_0.1/developability.rows.jsonl	/public/home/xinwuye/ai4s-tool-joint-train/runs/progen2_sweep_20260430/diversity/sgrpo_ng8_bs3_rewardsum_loo_step100/temperature_0.1/diversity.json
97	sgrpo_ng8_bs3_rewardsum_loo_step100	SGRPO RewardSum LOO ng8 bs3 100	/public/home/xinwuye/ai4s-tool-joint-train/runs/progen2_sgrpo/progen2_sgrpo_ng8_sg8_bs3_len256_rbs16_rewardsum_loo_slurm54206/checkpoint-000100		0.25	0.3	0.2	0.25	0.2	/public/home/xinwuye/ai4s-tool-joint-train/runs/progen2_sweep_20260430/generation/sgrpo_ng8_bs3_rewardsum_loo_step100/temperature_0.2/generated.rows.jsonl	/public/home/xinwuye/ai4s-tool-joint-train/runs/progen2_sweep_20260430/foldability/sgrpo_ng8_bs3_rewardsum_loo_step100/temperature_0.2/foldability.rows.jsonl	/public/home/xinwuye/ai4s-tool-joint-train/runs/progen2_sweep_20260430/developability/sgrpo_ng8_bs3_rewardsum_loo_step100/temperature_0.2/developability.rows.jsonl	/public/home/xinwuye/ai4s-tool-joint-train/runs/progen2_sweep_20260430/diversity/sgrpo_ng8_bs3_rewardsum_loo_step100/temperature_0.2/diversity.json
98	sgrpo_ng8_bs3_rewardsum_loo_step100	SGRPO RewardSum LOO ng8 bs3 100	/public/home/xinwuye/ai4s-tool-joint-train/runs/progen2_sgrpo/progen2_sgrpo_ng8_sg8_bs3_len256_rbs16_rewardsum_loo_slurm54206/checkpoint-000100		0.25	0.3	0.2	0.25	0.3	/public/home/xinwuye/ai4s-tool-joint-train/runs/progen2_sweep_20260430/generation/sgrpo_ng8_bs3_rewardsum_loo_step100/temperature_0.3/generated.rows.jsonl	/public/home/xinwuye/ai4s-tool-joint-train/runs/progen2_sweep_20260430/foldability/sgrpo_ng8_bs3_rewardsum_loo_step100/temperature_0.3/foldability.rows.jsonl	/public/home/xinwuye/ai4s-tool-joint-train/runs/progen2_sweep_20260430/developability/sgrpo_ng8_bs3_rewardsum_loo_step100/temperature_0.3/developability.rows.jsonl	/public/home/xinwuye/ai4s-tool-joint-train/runs/progen2_sweep_20260430/diversity/sgrpo_ng8_bs3_rewardsum_loo_step100/temperature_0.3/diversity.json
99	sgrpo_ng8_bs3_rewardsum_loo_step100	SGRPO RewardSum LOO ng8 bs3 100	/public/home/xinwuye/ai4s-tool-joint-train/runs/progen2_sgrpo/progen2_sgrpo_ng8_sg8_bs3_len256_rbs16_rewardsum_loo_slurm54206/checkpoint-000100		0.25	0.3	0.2	0.25	0.4	/public/home/xinwuye/ai4s-tool-joint-train/runs/progen2_sweep_20260430/generation/sgrpo_ng8_bs3_rewardsum_loo_step100/temperature_0.4/generated.rows.jsonl	/public/home/xinwuye/ai4s-tool-joint-train/runs/progen2_sweep_20260430/foldability/sgrpo_ng8_bs3_rewardsum_loo_step100/temperature_0.4/foldability.rows.jsonl	/public/home/xinwuye/ai4s-tool-joint-train/runs/progen2_sweep_20260430/developability/sgrpo_ng8_bs3_rewardsum_loo_step100/temperature_0.4/developability.rows.jsonl	/public/home/xinwuye/ai4s-tool-joint-train/runs/progen2_sweep_20260430/diversity/sgrpo_ng8_bs3_rewardsum_loo_step100/temperature_0.4/diversity.json
100	sgrpo_ng8_bs3_rewardsum_loo_step100	SGRPO RewardSum LOO ng8 bs3 100	/public/home/xinwuye/ai4s-tool-joint-train/runs/progen2_sgrpo/progen2_sgrpo_ng8_sg8_bs3_len256_rbs16_rewardsum_loo_slurm54206/checkpoint-000100		0.25	0.3	0.2	0.25	0.5	/public/home/xinwuye/ai4s-tool-joint-train/runs/progen2_sweep_20260430/generation/sgrpo_ng8_bs3_rewardsum_loo_step100/temperature_0.5/generated.rows.jsonl	/public/home/xinwuye/ai4s-tool-joint-train/runs/progen2_sweep_20260430/foldability/sgrpo_ng8_bs3_rewardsum_loo_step100/temperature_0.5/foldability.rows.jsonl	/public/home/xinwuye/ai4s-tool-joint-train/runs/progen2_sweep_20260430/developability/sgrpo_ng8_bs3_rewardsum_loo_step100/temperature_0.5/developability.rows.jsonl	/public/home/xinwuye/ai4s-tool-joint-train/runs/progen2_sweep_20260430/diversity/sgrpo_ng8_bs3_rewardsum_loo_step100/temperature_0.5/diversity.json
101	sgrpo_ng8_bs3_rewardsum_loo_step100	SGRPO RewardSum LOO ng8 bs3 100	/public/home/xinwuye/ai4s-tool-joint-train/runs/progen2_sgrpo/progen2_sgrpo_ng8_sg8_bs3_len256_rbs16_rewardsum_loo_slurm54206/checkpoint-000100		0.25	0.3	0.2	0.25	0.6	/public/home/xinwuye/ai4s-tool-joint-train/runs/progen2_sweep_20260430/generation/sgrpo_ng8_bs3_rewardsum_loo_step100/temperature_0.6/generated.rows.jsonl	/public/home/xinwuye/ai4s-tool-joint-train/runs/progen2_sweep_20260430/foldability/sgrpo_ng8_bs3_rewardsum_loo_step100/temperature_0.6/foldability.rows.jsonl	/public/home/xinwuye/ai4s-tool-joint-train/runs/progen2_sweep_20260430/developability/sgrpo_ng8_bs3_rewardsum_loo_step100/temperature_0.6/developability.rows.jsonl	/public/home/xinwuye/ai4s-tool-joint-train/runs/progen2_sweep_20260430/diversity/sgrpo_ng8_bs3_rewardsum_loo_step100/temperature_0.6/diversity.json
102	sgrpo_ng8_bs3_rewardsum_loo_step100	SGRPO RewardSum LOO ng8 bs3 100	/public/home/xinwuye/ai4s-tool-joint-train/runs/progen2_sgrpo/progen2_sgrpo_ng8_sg8_bs3_len256_rbs16_rewardsum_loo_slurm54206/checkpoint-000100		0.25	0.3	0.2	0.25	0.7	/public/home/xinwuye/ai4s-tool-joint-train/runs/progen2_sweep_20260430/generation/sgrpo_ng8_bs3_rewardsum_loo_step100/temperature_0.7/generated.rows.jsonl	/public/home/xinwuye/ai4s-tool-joint-train/runs/progen2_sweep_20260430/foldability/sgrpo_ng8_bs3_rewardsum_loo_step100/temperature_0.7/foldability.rows.jsonl	/public/home/xinwuye/ai4s-tool-joint-train/runs/progen2_sweep_20260430/developability/sgrpo_ng8_bs3_rewardsum_loo_step100/temperature_0.7/developability.rows.jsonl	/public/home/xinwuye/ai4s-tool-joint-train/runs/progen2_sweep_20260430/diversity/sgrpo_ng8_bs3_rewardsum_loo_step100/temperature_0.7/diversity.json
103	sgrpo_ng8_bs3_rewardsum_loo_step100	SGRPO RewardSum LOO ng8 bs3 100	/public/home/xinwuye/ai4s-tool-joint-train/runs/progen2_sgrpo/progen2_sgrpo_ng8_sg8_bs3_len256_rbs16_rewardsum_loo_slurm54206/checkpoint-000100		0.25	0.3	0.2	0.25	0.8	/public/home/xinwuye/ai4s-tool-joint-train/runs/progen2_sweep_20260430/generation/sgrpo_ng8_bs3_rewardsum_loo_step100/temperature_0.8/generated.rows.jsonl	/public/home/xinwuye/ai4s-tool-joint-train/runs/progen2_sweep_20260430/foldability/sgrpo_ng8_bs3_rewardsum_loo_step100/temperature_0.8/foldability.rows.jsonl	/public/home/xinwuye/ai4s-tool-joint-train/runs/progen2_sweep_20260430/developability/sgrpo_ng8_bs3_rewardsum_loo_step100/temperature_0.8/developability.rows.jsonl	/public/home/xinwuye/ai4s-tool-joint-train/runs/progen2_sweep_20260430/diversity/sgrpo_ng8_bs3_rewardsum_loo_step100/temperature_0.8/diversity.json
104	sgrpo_ng8_bs3_rewardsum_loo_step100	SGRPO RewardSum LOO ng8 bs3 100	/public/home/xinwuye/ai4s-tool-joint-train/runs/progen2_sgrpo/progen2_sgrpo_ng8_sg8_bs3_len256_rbs16_rewardsum_loo_slurm54206/checkpoint-000100		0.25	0.3	0.2	0.25	0.9	/public/home/xinwuye/ai4s-tool-joint-train/runs/progen2_sweep_20260430/generation/sgrpo_ng8_bs3_rewardsum_loo_step100/temperature_0.9/generated.rows.jsonl	/public/home/xinwuye/ai4s-tool-joint-train/runs/progen2_sweep_20260430/foldability/sgrpo_ng8_bs3_rewardsum_loo_step100/temperature_0.9/foldability.rows.jsonl	/public/home/xinwuye/ai4s-tool-joint-train/runs/progen2_sweep_20260430/developability/sgrpo_ng8_bs3_rewardsum_loo_step100/temperature_0.9/developability.rows.jsonl	/public/home/xinwuye/ai4s-tool-joint-train/runs/progen2_sweep_20260430/diversity/sgrpo_ng8_bs3_rewardsum_loo_step100/temperature_0.9/diversity.json
105	sgrpo_ng8_bs3_rewardsum_loo_step100	SGRPO RewardSum LOO ng8 bs3 100	/public/home/xinwuye/ai4s-tool-joint-train/runs/progen2_sgrpo/progen2_sgrpo_ng8_sg8_bs3_len256_rbs16_rewardsum_loo_slurm54206/checkpoint-000100		0.25	0.3	0.2	0.25	1.0	/public/home/xinwuye/ai4s-tool-joint-train/runs/progen2_sweep_20260430/generation/sgrpo_ng8_bs3_rewardsum_loo_step100/temperature_1.0/generated.rows.jsonl	/public/home/xinwuye/ai4s-tool-joint-train/runs/progen2_sweep_20260430/foldability/sgrpo_ng8_bs3_rewardsum_loo_step100/temperature_1.0/foldability.rows.jsonl	/public/home/xinwuye/ai4s-tool-joint-train/runs/progen2_sweep_20260430/developability/sgrpo_ng8_bs3_rewardsum_loo_step100/temperature_1.0/developability.rows.jsonl	/public/home/xinwuye/ai4s-tool-joint-train/runs/progen2_sweep_20260430/diversity/sgrpo_ng8_bs3_rewardsum_loo_step100/temperature_1.0/diversity.json
106	sgrpo_ng8_bs3_rewardsum_loo_step100	SGRPO RewardSum LOO ng8 bs3 100	/public/home/xinwuye/ai4s-tool-joint-train/runs/progen2_sgrpo/progen2_sgrpo_ng8_sg8_bs3_len256_rbs16_rewardsum_loo_slurm54206/checkpoint-000100		0.25	0.3	0.2	0.25	1.1	/public/home/xinwuye/ai4s-tool-joint-train/runs/progen2_sweep_20260430/generation/sgrpo_ng8_bs3_rewardsum_loo_step100/temperature_1.1/generated.rows.jsonl	/public/home/xinwuye/ai4s-tool-joint-train/runs/progen2_sweep_20260430/foldability/sgrpo_ng8_bs3_rewardsum_loo_step100/temperature_1.1/foldability.rows.jsonl	/public/home/xinwuye/ai4s-tool-joint-train/runs/progen2_sweep_20260430/developability/sgrpo_ng8_bs3_rewardsum_loo_step100/temperature_1.1/developability.rows.jsonl	/public/home/xinwuye/ai4s-tool-joint-train/runs/progen2_sweep_20260430/diversity/sgrpo_ng8_bs3_rewardsum_loo_step100/temperature_1.1/diversity.json
107	sgrpo_ng8_bs3_rewardsum_loo_step100	SGRPO RewardSum LOO ng8 bs3 100	/public/home/xinwuye/ai4s-tool-joint-train/runs/progen2_sgrpo/progen2_sgrpo_ng8_sg8_bs3_len256_rbs16_rewardsum_loo_slurm54206/checkpoint-000100		0.25	0.3	0.2	0.25	1.2	/public/home/xinwuye/ai4s-tool-joint-train/runs/progen2_sweep_20260430/generation/sgrpo_ng8_bs3_rewardsum_loo_step100/temperature_1.2/generated.rows.jsonl	/public/home/xinwuye/ai4s-tool-joint-train/runs/progen2_sweep_20260430/foldability/sgrpo_ng8_bs3_rewardsum_loo_step100/temperature_1.2/foldability.rows.jsonl	/public/home/xinwuye/ai4s-tool-joint-train/runs/progen2_sweep_20260430/developability/sgrpo_ng8_bs3_rewardsum_loo_step100/temperature_1.2/developability.rows.jsonl	/public/home/xinwuye/ai4s-tool-joint-train/runs/progen2_sweep_20260430/diversity/sgrpo_ng8_bs3_rewardsum_loo_step100/temperature_1.2/diversity.json
108	grpo_hbd_step100	GRPO HBD 100	/public/home/xinwuye/ai4s-tool-joint-train/runs/progen2_sgrpo/progen2_grpo_ng96_bs2_len256_rbs16_hbd_slurm55873/checkpoint-000100		0.25	0.3	0.2	0.25	0.1	/public/home/xinwuye/ai4s-tool-joint-train/runs/progen2_sweep_20260430/generation/grpo_hbd_step100/temperature_0.1/generated.rows.jsonl	/public/home/xinwuye/ai4s-tool-joint-train/runs/progen2_sweep_20260430/foldability/grpo_hbd_step100/temperature_0.1/foldability.rows.jsonl	/public/home/xinwuye/ai4s-tool-joint-train/runs/progen2_sweep_20260430/developability/grpo_hbd_step100/temperature_0.1/developability.rows.jsonl	/public/home/xinwuye/ai4s-tool-joint-train/runs/progen2_sweep_20260430/diversity/grpo_hbd_step100/temperature_0.1/diversity.json
109	grpo_hbd_step100	GRPO HBD 100	/public/home/xinwuye/ai4s-tool-joint-train/runs/progen2_sgrpo/progen2_grpo_ng96_bs2_len256_rbs16_hbd_slurm55873/checkpoint-000100		0.25	0.3	0.2	0.25	0.2	/public/home/xinwuye/ai4s-tool-joint-train/runs/progen2_sweep_20260430/generation/grpo_hbd_step100/temperature_0.2/generated.rows.jsonl	/public/home/xinwuye/ai4s-tool-joint-train/runs/progen2_sweep_20260430/foldability/grpo_hbd_step100/temperature_0.2/foldability.rows.jsonl	/public/home/xinwuye/ai4s-tool-joint-train/runs/progen2_sweep_20260430/developability/grpo_hbd_step100/temperature_0.2/developability.rows.jsonl	/public/home/xinwuye/ai4s-tool-joint-train/runs/progen2_sweep_20260430/diversity/grpo_hbd_step100/temperature_0.2/diversity.json
110	grpo_hbd_step100	GRPO HBD 100	/public/home/xinwuye/ai4s-tool-joint-train/runs/progen2_sgrpo/progen2_grpo_ng96_bs2_len256_rbs16_hbd_slurm55873/checkpoint-000100		0.25	0.3	0.2	0.25	0.3	/public/home/xinwuye/ai4s-tool-joint-train/runs/progen2_sweep_20260430/generation/grpo_hbd_step100/temperature_0.3/generated.rows.jsonl	/public/home/xinwuye/ai4s-tool-joint-train/runs/progen2_sweep_20260430/foldability/grpo_hbd_step100/temperature_0.3/foldability.rows.jsonl	/public/home/xinwuye/ai4s-tool-joint-train/runs/progen2_sweep_20260430/developability/grpo_hbd_step100/temperature_0.3/developability.rows.jsonl	/public/home/xinwuye/ai4s-tool-joint-train/runs/progen2_sweep_20260430/diversity/grpo_hbd_step100/temperature_0.3/diversity.json
111	grpo_hbd_step100	GRPO HBD 100	/public/home/xinwuye/ai4s-tool-joint-train/runs/progen2_sgrpo/progen2_grpo_ng96_bs2_len256_rbs16_hbd_slurm55873/checkpoint-000100		0.25	0.3	0.2	0.25	0.4	/public/home/xinwuye/ai4s-tool-joint-train/runs/progen2_sweep_20260430/generation/grpo_hbd_step100/temperature_0.4/generated.rows.jsonl	/public/home/xinwuye/ai4s-tool-joint-train/runs/progen2_sweep_20260430/foldability/grpo_hbd_step100/temperature_0.4/foldability.rows.jsonl	/public/home/xinwuye/ai4s-tool-joint-train/runs/progen2_sweep_20260430/developability/grpo_hbd_step100/temperature_0.4/developability.rows.jsonl	/public/home/xinwuye/ai4s-tool-joint-train/runs/progen2_sweep_20260430/diversity/grpo_hbd_step100/temperature_0.4/diversity.json
112	grpo_hbd_step100	GRPO HBD 100	/public/home/xinwuye/ai4s-tool-joint-train/runs/progen2_sgrpo/progen2_grpo_ng96_bs2_len256_rbs16_hbd_slurm55873/checkpoint-000100		0.25	0.3	0.2	0.25	0.5	/public/home/xinwuye/ai4s-tool-joint-train/runs/progen2_sweep_20260430/generation/grpo_hbd_step100/temperature_0.5/generated.rows.jsonl	/public/home/xinwuye/ai4s-tool-joint-train/runs/progen2_sweep_20260430/foldability/grpo_hbd_step100/temperature_0.5/foldability.rows.jsonl	/public/home/xinwuye/ai4s-tool-joint-train/runs/progen2_sweep_20260430/developability/grpo_hbd_step100/temperature_0.5/developability.rows.jsonl	/public/home/xinwuye/ai4s-tool-joint-train/runs/progen2_sweep_20260430/diversity/grpo_hbd_step100/temperature_0.5/diversity.json
113	grpo_hbd_step100	GRPO HBD 100	/public/home/xinwuye/ai4s-tool-joint-train/runs/progen2_sgrpo/progen2_grpo_ng96_bs2_len256_rbs16_hbd_slurm55873/checkpoint-000100		0.25	0.3	0.2	0.25	0.6	/public/home/xinwuye/ai4s-tool-joint-train/runs/progen2_sweep_20260430/generation/grpo_hbd_step100/temperature_0.6/generated.rows.jsonl	/public/home/xinwuye/ai4s-tool-joint-train/runs/progen2_sweep_20260430/foldability/grpo_hbd_step100/temperature_0.6/foldability.rows.jsonl	/public/home/xinwuye/ai4s-tool-joint-train/runs/progen2_sweep_20260430/developability/grpo_hbd_step100/temperature_0.6/developability.rows.jsonl	/public/home/xinwuye/ai4s-tool-joint-train/runs/progen2_sweep_20260430/diversity/grpo_hbd_step100/temperature_0.6/diversity.json
114	grpo_hbd_step100	GRPO HBD 100	/public/home/xinwuye/ai4s-tool-joint-train/runs/progen2_sgrpo/progen2_grpo_ng96_bs2_len256_rbs16_hbd_slurm55873/checkpoint-000100		0.25	0.3	0.2	0.25	0.7	/public/home/xinwuye/ai4s-tool-joint-train/runs/progen2_sweep_20260430/generation/grpo_hbd_step100/temperature_0.7/generated.rows.jsonl	/public/home/xinwuye/ai4s-tool-joint-train/runs/progen2_sweep_20260430/foldability/grpo_hbd_step100/temperature_0.7/foldability.rows.jsonl	/public/home/xinwuye/ai4s-tool-joint-train/runs/progen2_sweep_20260430/developability/grpo_hbd_step100/temperature_0.7/developability.rows.jsonl	/public/home/xinwuye/ai4s-tool-joint-train/runs/progen2_sweep_20260430/diversity/grpo_hbd_step100/temperature_0.7/diversity.json
115	grpo_hbd_step100	GRPO HBD 100	/public/home/xinwuye/ai4s-tool-joint-train/runs/progen2_sgrpo/progen2_grpo_ng96_bs2_len256_rbs16_hbd_slurm55873/checkpoint-000100		0.25	0.3	0.2	0.25	0.8	/public/home/xinwuye/ai4s-tool-joint-train/runs/progen2_sweep_20260430/generation/grpo_hbd_step100/temperature_0.8/generated.rows.jsonl	/public/home/xinwuye/ai4s-tool-joint-train/runs/progen2_sweep_20260430/foldability/grpo_hbd_step100/temperature_0.8/foldability.rows.jsonl	/public/home/xinwuye/ai4s-tool-joint-train/runs/progen2_sweep_20260430/developability/grpo_hbd_step100/temperature_0.8/developability.rows.jsonl	/public/home/xinwuye/ai4s-tool-joint-train/runs/progen2_sweep_20260430/diversity/grpo_hbd_step100/temperature_0.8/diversity.json
116	grpo_hbd_step100	GRPO HBD 100	/public/home/xinwuye/ai4s-tool-joint-train/runs/progen2_sgrpo/progen2_grpo_ng96_bs2_len256_rbs16_hbd_slurm55873/checkpoint-000100		0.25	0.3	0.2	0.25	0.9	/public/home/xinwuye/ai4s-tool-joint-train/runs/progen2_sweep_20260430/generation/grpo_hbd_step100/temperature_0.9/generated.rows.jsonl	/public/home/xinwuye/ai4s-tool-joint-train/runs/progen2_sweep_20260430/foldability/grpo_hbd_step100/temperature_0.9/foldability.rows.jsonl	/public/home/xinwuye/ai4s-tool-joint-train/runs/progen2_sweep_20260430/developability/grpo_hbd_step100/temperature_0.9/developability.rows.jsonl	/public/home/xinwuye/ai4s-tool-joint-train/runs/progen2_sweep_20260430/diversity/grpo_hbd_step100/temperature_0.9/diversity.json
117	grpo_hbd_step100	GRPO HBD 100	/public/home/xinwuye/ai4s-tool-joint-train/runs/progen2_sgrpo/progen2_grpo_ng96_bs2_len256_rbs16_hbd_slurm55873/checkpoint-000100		0.25	0.3	0.2	0.25	1.0	/public/home/xinwuye/ai4s-tool-joint-train/runs/progen2_sweep_20260430/generation/grpo_hbd_step100/temperature_1.0/generated.rows.jsonl	/public/home/xinwuye/ai4s-tool-joint-train/runs/progen2_sweep_20260430/foldability/grpo_hbd_step100/temperature_1.0/foldability.rows.jsonl	/public/home/xinwuye/ai4s-tool-joint-train/runs/progen2_sweep_20260430/developability/grpo_hbd_step100/temperature_1.0/developability.rows.jsonl	/public/home/xinwuye/ai4s-tool-joint-train/runs/progen2_sweep_20260430/diversity/grpo_hbd_step100/temperature_1.0/diversity.json
118	grpo_hbd_step100	GRPO HBD 100	/public/home/xinwuye/ai4s-tool-joint-train/runs/progen2_sgrpo/progen2_grpo_ng96_bs2_len256_rbs16_hbd_slurm55873/checkpoint-000100		0.25	0.3	0.2	0.25	1.1	/public/home/xinwuye/ai4s-tool-joint-train/runs/progen2_sweep_20260430/generation/grpo_hbd_step100/temperature_1.1/generated.rows.jsonl	/public/home/xinwuye/ai4s-tool-joint-train/runs/progen2_sweep_20260430/foldability/grpo_hbd_step100/temperature_1.1/foldability.rows.jsonl	/public/home/xinwuye/ai4s-tool-joint-train/runs/progen2_sweep_20260430/developability/grpo_hbd_step100/temperature_1.1/developability.rows.jsonl	/public/home/xinwuye/ai4s-tool-joint-train/runs/progen2_sweep_20260430/diversity/grpo_hbd_step100/temperature_1.1/diversity.json
119	grpo_hbd_step100	GRPO HBD 100	/public/home/xinwuye/ai4s-tool-joint-train/runs/progen2_sgrpo/progen2_grpo_ng96_bs2_len256_rbs16_hbd_slurm55873/checkpoint-000100		0.25	0.3	0.2	0.25	1.2	/public/home/xinwuye/ai4s-tool-joint-train/runs/progen2_sweep_20260430/generation/grpo_hbd_step100/temperature_1.2/generated.rows.jsonl	/public/home/xinwuye/ai4s-tool-joint-train/runs/progen2_sweep_20260430/foldability/grpo_hbd_step100/temperature_1.2/foldability.rows.jsonl	/public/home/xinwuye/ai4s-tool-joint-train/runs/progen2_sweep_20260430/developability/grpo_hbd_step100/temperature_1.2/developability.rows.jsonl	/public/home/xinwuye/ai4s-tool-joint-train/runs/progen2_sweep_20260430/diversity/grpo_hbd_step100/temperature_1.2/diversity.json
